id,info
1,f
2,m
3,f
4,m
5,m
6,m
7,f
8,f
9,m
10,f
11,f
12,m
13,f
14,f
15,m
16,f
17,m
18,m
19,m
20,m
21,m
22,m
23,m
24,m
25,m
26,f
27,f
28,f
29,m
30,f
31,m
32,m
33,m
34,m
35,m
36,m
37,m
38,m
39,m
40,undef
41,m
42,m
43,m
44,m
45,m
46,m
47,m
48,f
49,m
50,m
51,m
52,m
53,m
54,f
55,f
56,f
57,f
58,m
59,m
60,m
61,m
62,m
63,m
64,f
65,m
66,m
67,f
68,f
69,m
70,f
71,m
72,m
73,f
74,m
75,m
76,m
77,m
78,m
79,m
80,m
81,m
82,m
83,m
84,m
85,m
86,f
87,m
88,m
89,f
90,m
91,m
92,m
93,m
94,f
95,m
96,m
97,m
98,f
99,m
100,m
101,f
102,m
103,m
104,f
105,m
106,m
107,m
108,f
109,f
110,m
111,f
112,m
113,m
114,m
115,m
116,f
117,f
118,m
119,f
120,m
121,m
122,m
123,m
124,m
125,m
126,m
127,f
128,m
129,m
130,f
131,m
132,f
133,m
134,m
135,f
136,m
137,m
138,m
139,m
140,m
141,m
142,m
143,m
144,m
145,m
146,f
147,m
148,m
149,m
150,m
151,m
152,m
153,m
154,m
155,m
156,m
157,f
158,f
159,m
160,m
161,f
162,m
163,m
164,f
165,m
166,f
167,m
168,m
169,m
170,f
171,f
172,m
173,m
174,m
175,m
176,m
177,f
178,m
179,m
180,m
181,m
182,m
183,f
184,m
185,f
186,m
187,m
188,m
189,m
190,m
191,m
192,m
193,m
194,m
195,m
196,m
197,m
198,m
199,m
200,m
201,m
202,m
203,f
204,f
205,f
206,f
207,m
208,m
209,m
210,f
211,m
212,f
213,m
214,f
215,f
216,m
217,m
218,m
219,f
220,m
221,m
222,m
223,m
224,m
225,m
226,m
227,m
228,m
229,m
230,f
231,m
232,m
233,m
234,m
235,m
236,m
237,f
238,m
239,m
240,f
241,f
242,f
243,m
244,m
245,m
246,f
247,m
248,f
249,m
250,f
251,m
252,f
253,m
254,f
255,f
256,m
257,m
258,m
259,m
260,f
261,m
262,m
263,f
264,m
265,m
266,f
267,m
268,m
269,m
270,m
271,f
272,m
273,m
274,m
275,f
276,m
277,f
278,m
279,m
280,m
281,f
282,m
283,m
284,m
285,f
286,m
287,f
288,m
289,m
290,f
291,m
292,f
293,f
294,m
295,m
296,m
297,m
298,m
299,m
300,m
301,m
302,f
303,m
304,m
305,m
306,f
307,m
308,f
309,m
310,f
311,m
312,m
313,m
314,m
315,m
316,m
317,m
318,f
319,f
320,f
321,f
322,f
323,m
324,m
325,m
326,m
327,m
328,m
329,m
330,m
331,m
332,f
333,f
334,m
335,m
336,f
337,f
338,m
339,m
340,f
341,m
342,f
343,m
344,f
345,f
346,f
347,f
348,m
349,f
350,m
351,m
352,f
353,m
354,f
355,m
356,f
357,m
358,m
359,m
360,m
361,m
362,f
363,m
364,m
365,m
366,m
367,f
368,f
369,f
370,m
371,f
372,f
373,m
374,f
375,m
376,f
377,m
378,m
379,m
380,m
381,m
382,f
383,f
384,m
385,f
386,m
387,m
388,m
389,m
390,m
391,m
392,f
393,f
394,m
395,m
396,m
397,f
398,f
399,f
400,m
401,f
402,m
403,m
404,f
405,m
406,m
407,m
408,f
409,m
410,m
411,m
412,m
413,m
414,m
415,f
416,m
417,f
418,m
419,m
420,f
421,m
422,m
423,m
424,m
425,m
426,m
427,m
428,f
429,m
430,m
431,m
432,f
433,m
434,m
435,m
436,f
437,f
438,m
439,m
440,f
441,m
442,m
443,f
444,f
445,m
446,m
447,f
448,m
449,m
450,m
451,m
452,m
453,f
454,m
455,m
456,m
457,m
458,f
459,m
460,m
461,m
462,m
463,m
464,m
465,f
466,m
467,m
468,f
469,f
470,m
471,m
472,f
473,m
474,m
475,m
476,f
477,m
478,f
479,f
480,m
481,m
482,m
483,m
484,m
485,m
486,m
487,f
488,m
489,m
490,m
491,f
492,m
493,m
494,m
495,m
496,m
497,m
498,m
499,f
500,m
501,f
502,m
503,m
504,m
505,m
506,f
507,m
508,m
509,m
510,m
511,m
512,m
513,f
514,m
515,m
516,m
517,m
518,m
519,f
520,f
521,m
522,f
523,m
524,f
525,m
526,m
527,f
528,m
529,f
530,m
531,f
532,m
533,m
534,m
535,m
536,f
537,m
538,m
539,f
540,m
541,f
542,m
543,m
544,m
545,f
546,m
547,f
548,f
549,m
550,m
551,f
552,m
553,m
554,m
555,m
556,f
557,f
558,m
559,m
560,m
561,f
562,f
563,m
564,f
565,m
566,m
567,m
568,f
569,m
570,f
571,f
572,m
573,m
574,m
575,m
576,m
577,m
578,f
579,m
580,m
581,f
582,m
583,f
584,m
585,m
586,f
587,m
588,f
589,f
590,f
591,m
592,m
593,m
594,m
595,m
596,m
597,f
598,f
599,m
600,f
601,f
602,m
603,f
604,f
605,m
606,f
607,m
608,m
609,f
610,m
611,m
612,f
613,m
614,m
615,m
616,m
617,m
618,m
619,m
620,m
621,m
622,m
623,f
624,f
625,m
626,m
627,m
628,m
629,m
630,m
631,m
632,m
633,m
634,m
635,m
636,f
637,m
638,f
639,m
640,f
641,f
642,m
643,m
644,m
645,m
646,m
647,m
648,m
649,m
650,m
651,m
652,m
653,m
654,m
655,f
656,m
657,m
658,f
659,m
660,f
661,f
662,m
663,m
664,f
665,f
666,m
667,m
668,m
669,m
670,m
671,m
672,m
673,m
674,f
675,f
676,m
677,f
678,m
679,m
680,f
681,f
682,m
683,m
684,m
685,m
686,f
687,m
688,m
689,m
690,m
691,m
692,m
693,m
694,f
695,m
696,m
697,m
698,m
699,m
700,m
701,m
702,m
703,m
704,m
705,m
706,f
707,m
708,f
709,undef
710,m
711,f
712,f
713,m
714,m
715,f
716,f
717,f
718,m
719,f
720,m
721,f
722,f
723,m
724,m
725,m
726,m
727,f
728,m
729,m
730,f
731,m
732,m
733,m
734,m
735,m
736,m
737,m
738,m
739,m
740,f
741,f
742,m
743,m
744,m
745,m
746,m
747,m
748,f
749,f
750,m
751,m
752,m
753,f
754,f
755,f
756,m
757,f
758,m
759,m
760,m
761,f
762,m
763,m
764,m
765,m
766,m
767,f
768,m
769,f
770,m
771,m
772,f
773,f
774,m
775,m
776,f
777,m
778,m
779,f
780,m
781,m
782,m
783,m
784,m
785,f
786,f
787,m
788,f
789,m
790,m
791,m
792,m
793,m
794,f
795,m
796,m
797,m
798,m
799,m
800,m
801,f
802,f
803,m
804,m
805,m
806,m
807,m
808,m
809,m
810,m
811,m
812,m
813,f
814,m
815,f
816,f
817,m
818,f
819,m
820,f
821,f
822,f
823,m
824,m
825,m
826,m
827,m
828,m
829,m
830,m
831,m
832,m
833,f
834,f
835,m
836,m
837,m
838,m
839,m
840,f
841,m
842,f
843,m
844,m
845,m
846,f
847,f
848,m
849,m
850,m
851,m
852,f
853,f
854,m
855,m
856,f
857,m
858,f
859,m
860,m
861,m
862,m
863,m
864,m
865,m
866,m
867,m
868,m
869,m
870,m
871,m
872,m
873,f
874,m
875,m
876,m
877,f
878,m
879,m
880,m
881,f
882,m
883,m
884,m
885,m
886,m
887,undef
888,f
889,m
890,m
891,f
892,m
893,m
894,m
895,f
896,m
897,m
898,f
899,m
900,m
901,m
902,f
903,f
904,m
905,m
906,m
907,f
908,f
909,m
910,f
911,m
912,m
913,m
914,m
915,m
916,f
917,m
918,m
919,m
920,f
921,m
922,f
923,f
924,m
925,m
926,f
927,m
928,m
929,m
930,m
931,m
932,f
933,m
934,m
935,m
936,m
937,m
938,m
939,m
940,m
941,f
942,f
943,f
944,m
945,m
946,m
947,m
948,m
949,m
950,m
951,m
952,m
953,f
954,m
955,m
956,f
957,m
958,m
959,f
960,f
961,f
962,f
963,m
964,f
965,m
966,m
967,m
968,f
969,m
970,m
971,m
972,m
973,f
974,f
975,m
976,m
977,m
978,m
979,f
980,f
981,m
982,f
983,m
984,m
985,m
986,m
987,m
988,m
989,m
990,m
991,m
992,m
993,m
994,m
995,m
996,m
997,m
998,f
999,f
1000,f
1001,m
1002,f
1003,f
1004,m
1005,m
1006,m
1007,m
1008,f
1009,m
1010,f
1011,m
1012,m
1013,f
1014,f
1015,m
1016,f
1017,f
1018,m
1019,f
1020,m
1021,m
1022,f
1023,f
1024,m
1025,m
1026,m
1027,m
1028,m
1029,m
1030,m
1031,m
1032,m
1033,m
1034,m
1035,m
1036,f
1037,m
1038,f
1039,f
1040,f
1041,m
1042,f
1043,m
1044,f
1045,m
1046,m
1047,m
1048,f
1049,m
1050,m
1051,m
1052,m
1053,f
1054,m
1055,f
1056,m
1057,f
1058,m
1059,f
1060,f
1061,m
1062,m
1063,f
1064,f
1065,m
1066,m
1067,f
1068,m
1069,f
1070,m
1071,m
1072,m
1073,f
1074,m
1075,m
1076,m
1077,m
1078,m
1079,m
1080,m
1081,f
1082,f
1083,m
1084,m
1085,f
1086,m
1087,m
1088,m
1089,m
1090,m
1091,m
1092,m
1093,f
1094,f
1095,f
1096,m
1097,m
1098,m
1099,f
1100,f
1101,f
1102,m
1103,m
1104,m
1105,f
1106,m
1107,m
1108,m
1109,m
1110,m
1111,f
1112,f
1113,m
1114,m
1115,f
1116,m
1117,m
1118,m
1119,m
1120,f
1121,f
1122,m
1123,m
1124,f
1125,m
1126,m
1127,m
1128,m
1129,m
1130,m
1131,f
1132,m
1133,m
1134,m
1135,m
1136,m
1137,m
1138,m
1139,m
1140,m
1141,m
1142,m
1143,m
1144,m
1145,m
1146,m
1147,m
1148,m
1149,m
1150,m
1151,undef
1152,f
1153,m
1154,m
1155,m
1156,f
1157,m
1158,m
1159,m
1160,m
1161,m
1162,m
1163,f
1164,f
1165,m
1166,f
1167,m
1168,f
1169,m
1170,f
1171,m
1172,m
1173,m
1174,f
1175,f
1176,m
1177,m
1178,f
1179,f
1180,m
1181,m
1182,f
1183,m
1184,f
1185,m
1186,f
1187,m
1188,f
1189,m
1190,m
1191,m
1192,m
1193,m
1194,f
1195,f
1196,f
1197,m
1198,f
1199,m
1200,m
1201,m
1202,m
1203,m
1204,f
1205,m
1206,m
1207,m
1208,f
1209,m
1210,m
1211,m
1212,f
1213,m
1214,m
1215,m
1216,m
1217,m
1218,m
1219,m
1220,f
1221,m
1222,f
1223,m
1224,m
1225,f
1226,f
1227,m
1228,f
1229,m
1230,m
1231,m
1232,f
1233,m
1234,m
1235,m
1236,m
1237,m
1238,m
1239,m
1240,m
1241,m
1242,m
1243,m
1244,f
1245,f
1246,m
1247,m
1248,f
1249,f
1250,m
1251,f
1252,m
1253,f
1254,m
1255,m
1256,m
1257,m
1258,m
1259,m
1260,m
1261,f
1262,m
1263,m
1264,m
1265,f
1266,f
1267,m
1268,m
1269,f
1270,m
1271,m
1272,f
1273,m
1274,f
1275,m
1276,f
1277,m
1278,m
1279,m
1280,m
1281,m
1282,m
1283,f
1284,f
1285,m
1286,f
1287,m
1288,f
1289,m
1290,f
1291,m
1292,m
1293,f
1294,m
1295,m
1296,m
1297,m
1298,f
1299,m
1300,m
1301,m
1302,f
1303,f
1304,m
1305,f
1306,m
1307,m
1308,f
1309,m
1310,m
1311,m
1312,m
1313,m
1314,m
1315,m
1316,m
1317,m
1318,m
1319,m
1320,f
1321,f
1322,f
1323,f
1324,m
1325,f
1326,m
1327,m
1328,f
1329,f
1330,m
1331,f
1332,f
1333,m
1334,m
1335,m
1336,f
1337,m
1338,m
1339,m
1340,f
1341,m
1342,m
1343,m
1344,m
1345,f
1346,m
1347,m
1348,m
1349,m
1350,m
1351,f
1352,m
1353,m
1354,m
1355,m
1356,f
1357,m
1358,m
1359,m
1360,m
1361,m
1362,f
1363,f
1364,m
1365,m
1366,f
1367,m
1368,m
1369,m
1370,m
1371,m
1372,m
1373,m
1374,m
1375,m
1376,f
1377,f
1378,m
1379,m
1380,f
1381,f
1382,m
1383,f
1384,f
1385,m
1386,f
1387,m
1388,f
1389,m
1390,m
1391,m
1392,m
1393,m
1394,m
1395,f
1396,f
1397,m
1398,m
1399,m
1400,m
1401,f
1402,f
1403,f
1404,f
1405,m
1406,m
1407,f
1408,f
1409,m
1410,f
1411,f
1412,m
1413,m
1414,m
1415,m
1416,m
1417,m
1418,m
1419,f
1420,f
1421,m
1422,m
1423,m
1424,m
1425,m
1426,m
1427,f
1428,m
1429,f
1430,f
1431,m
1432,f
1433,m
1434,m
1435,m
1436,f
1437,m
1438,m
1439,f
1440,m
1441,m
1442,f
1443,m
1444,m
1445,f
1446,m
1447,m
1448,m
1449,m
1450,m
1451,f
1452,m
1453,m
1454,m
1455,m
1456,f
1457,m
1458,m
1459,m
1460,m
1461,f
1462,m
1463,m
1464,m
1465,m
1466,m
1467,m
1468,F
1469,m
1470,m
1471,m
1472,f
1473,m
1474,m
1475,f
1476,m
1477,m
1478,f
1479,f
1480,m
1481,m
1482,m
1483,f
1484,m
1485,m
1486,m
1487,m
1488,f
1489,m
1490,m
1491,f
1492,f
1493,f
1494,m
1495,m
1496,f
1497,f
1498,f
1499,m
1500,f
1501,m
1502,m
1503,m
1504,f
1505,m
1506,f
1507,m
1508,m
1509,m
1510,f
1511,f
1512,m
1513,m
1514,m
1515,m
1516,m
1517,m
1518,m
1519,m
1520,f
1521,m
1522,m
1523,m
1524,m
1525,f
1526,m
1527,m
1528,m
1529,m
1530,m
1531,m
1532,m
1533,m
1534,m
1535,f
1536,m
1537,m
1538,m
1539,m
1540,m
1541,m
1542,f
1543,m
1544,f
1545,f
1546,f
1547,f
1548,m
1549,m
1550,m
1551,m
1552,m
1553,m
1554,m
1555,m
1556,m
1557,m
1558,m
1559,f
1560,m
1561,f
1562,m
1563,m
1564,m
1565,m
1566,m
1567,f
1568,m
1569,f
1570,m
1571,m
1572,m
1573,f
1574,m
1575,m
1576,m
1577,f
1578,m
1579,m
1580,f
1581,f
1582,m
1583,f
1584,f
1585,m
1586,m
1587,m
1588,f
1589,m
1590,m
1591,m
1592,m
1593,m
1594,m
1595,f
1596,m
1597,m
1598,m
1599,m
1600,m
1601,m
1602,m
1603,m
1604,m
1605,m
1606,m
1607,m
1608,f
1609,m
1610,f
1611,f
1612,f
1613,m
1614,m
1615,m
1616,f
1617,f
1618,m
1619,f
1620,m
1621,m
1622,f
1623,f
1624,m
1625,m
1626,f
1627,m
1628,m
1629,m
1630,m
1631,f
1632,m
1633,m
1634,m
1635,f
1636,m
1637,f
1638,f
1639,m
1640,m
1641,m
1642,m
1643,m
1644,f
1645,f
1646,m
1647,m
1648,m
1649,m
1650,m
1651,m
1652,m
1653,m
1654,m
1655,f
1656,f
1657,m
1658,m
1659,m
1660,m
1661,m
1662,m
1663,m
1664,m
1665,m
1666,m
1667,f
1668,m
1669,m
1670,m
1671,m
1672,m
1673,f
1674,m
1675,m
1676,f
1677,m
1678,m
1679,m
1680,m
1681,f
1682,m
1683,m
1684,m
1685,m
1686,f
1687,m
1688,m
1689,m
1690,m
1691,m
1692,m
1693,m
1694,m
1695,f
1696,m
1697,f
1698,f
1699,m
1700,m
1701,m
1702,m
1703,f
1704,f
1705,m
1706,m
1707,m
1708,m
1709,m
1710,m
1711,m
1712,m
1713,f
1714,f
1715,m
1716,m
1717,m
1718,m
1719,f
1720,f
1721,m
1722,m
1723,f
1724,m
1725,m
1726,m
1727,m
1728,f
1729,m
1730,f
1731,m
1732,m
1733,m
1734,m
1735,f
1736,f
1737,m
1738,f
1739,f
1740,m
1741,m
1742,m
1743,m
1744,m
1745,m
1746,m
1747,m
1748,m
1749,m
1750,m
1751,m
1752,f
1753,m
1754,m
1755,m
1756,m
1757,m
1758,m
1759,m
1760,m
1761,m
1762,m
1763,m
1764,f
1765,f
1766,m
1767,m
1768,m
1769,f
1770,m
1771,m
1772,m
1773,m
1774,m
1775,m
1776,f
1777,f
1778,m
1779,m
1780,f
1781,m
1782,f
1783,m
1784,m
1785,m
1786,m
1787,f
1788,m
1789,m
1790,m
1791,m
1792,m
1793,m
1794,m
1795,m
1796,f
1797,m
1798,m
1799,m
1800,m
1801,m
1802,m
1803,m
1804,m
1805,m
1806,m
1807,m
1808,f
1809,f
1810,m
1811,m
1812,m
1813,m
1814,m
1815,m
1816,m
1817,f
1818,m
1819,m
1820,m
1821,m
1822,m
1823,m
1824,m
1825,f
1826,m
1827,m
1828,m
1829,m
1830,m
1831,m
1832,m
1833,m
1834,m
1835,f
1836,f
1837,m
1838,m
1839,f
1840,m
1841,f
1842,m
1843,f
1844,f
1845,undef
1846,m
1847,f
1848,m
1849,m
1850,m
1851,m
1852,m
1853,m
1854,m
1855,m
1856,m
1857,f
1858,m
1859,f
1860,m
1861,f
1862,f
1863,f
1864,f
1865,m
1866,m
1867,m
1868,m
1869,m
1870,f
1871,f
1872,m
1873,f
1874,m
1875,m
1876,m
1877,m
1878,f
1879,m
1880,m
1881,f
1882,m
1883,f
1884,f
1885,f
1886,f
1887,m
1888,f
1889,m
1890,m
1891,m
1892,m
1893,f
1894,m
1895,f
1896,m
1897,m
1898,m
1899,f
1900,f
1901,m
1902,m
1903,m
1904,f
1905,f
1906,m
1907,f
1908,m
1909,m
1910,m
1911,m
1912,m
1913,f
1914,m
1915,m
1916,f
1917,m
1918,m
1919,f
1920,f
1921,m
1922,m
1923,m
1924,m
1925,m
1926,m
1927,f
1928,m
1929,m
1930,m
1931,m
1932,m
1933,m
1934,f
1935,m
1936,m
1937,m
1938,m
1939,f
1940,m
1941,m
1942,f
1943,m
1944,m
1945,m
1946,f
1947,f
1948,m
1949,m
1950,f
1951,m
1952,f
1953,m
1954,m
1955,m
1956,m
1957,m
1958,m
1959,f
1960,m
1961,m
1962,m
1963,m
1964,m
1965,m
1966,m
1967,f
1968,m
1969,m
1970,m
1971,f
1972,m
1973,m
1974,m
1975,m
1976,m
1977,f
1978,f
1979,f
1980,m
1981,m
1982,m
1983,m
1984,m
1985,m
1986,m
1987,m
1988,m
1989,f
1990,f
1991,f
1992,m
1993,m
1994,f
1995,m
1996,m
1997,m
1998,f
1999,f
2000,f
2001,f
2002,m
2003,m
2004,m
2005,m
2006,m
2007,m
2008,m
2009,f
2010,m
2011,m
2012,m
2013,m
2014,f
2015,f
2016,m
2017,m
2018,m
2019,m
2020,m
2021,f
2022,m
2023,m
2024,f
2025,f
2026,f
2027,m
2028,m
2029,f
2030,f
2031,m
2032,m
2033,m
2034,m
2035,m
2036,m
2037,m
2038,m
2039,m
2040,f
2041,m
2042,f
2043,m
2044,m
2045,m
2046,f
2047,m
2048,f
2049,f
2050,f
2051,m
2052,m
2053,m
2054,f
2055,m
2056,f
2057,f
2058,m
2059,m
2060,m
2061,m
2062,m
2063,f
2064,f
2065,m
2066,m
2067,m
2068,m
2069,m
2070,m
2071,f
2072,f
2073,m
2074,m
2075,f
2076,m
2077,m
2078,f
2079,m
2080,m
2081,f
2082,m
2083,f
2084,m
2085,m
2086,m
2087,m
2088,m
2089,m
2090,m
2091,f
2092,m
2093,m
2094,m
2095,f
2096,m
2097,m
2098,m
2099,f
2100,m
2101,m
2102,m
2103,m
2104,f
2105,m
2106,m
2107,m
2108,m
2109,f
2110,m
2111,m
2112,m
2113,f
2114,m
2115,m
2116,f
2117,m
2118,m
2119,m
2120,f
2121,m
2122,m
2123,f
2124,m
2125,m
2126,m
2127,m
2128,m
2129,f
2130,f
2131,m
2132,m
2133,f
2134,m
2135,m
2136,f
2137,m
2138,m
2139,f
2140,m
2141,m
2142,m
2143,f
2144,m
2145,m
2146,m
2147,f
2148,m
2149,m
2150,m
2151,m
2152,m
2153,m
2154,m
2155,m
2156,f
2157,m
2158,m
2159,m
2160,m
2161,m
2162,m
2163,m
2164,m
2165,m
2166,f
2167,f
2168,m
2169,f
2170,m
2171,m
2172,m
2173,m
2174,m
2175,f
2176,m
2177,f
2178,m
2179,m
2180,m
2181,m
2182,m
2183,m
2184,m
2185,m
2186,m
2187,m
2188,m
2189,m
2190,m
2191,m
2192,f
2193,m
2194,m
2195,m
2196,m
2197,m
2198,m
2199,f
2200,m
2201,m
2202,m
2203,m
2204,m
2205,m
2206,f
2207,m
2208,m
2209,m
2210,m
2211,m
2212,m
2213,f
2214,m
2215,m
2216,m
2217,m
2218,m
2219,m
2220,m
2221,m
2222,m
2223,m
2224,f
2225,f
2226,m
2227,f
2228,m
2229,m
2230,f
2231,m
2232,m
2233,m
2234,m
2235,f
2236,f
2237,f
2238,m
2239,m
2240,f
2241,f
2242,m
2243,m
2244,m
2245,m
2246,m
2247,f
2248,m
2249,m
2250,m
2251,m
2252,f
2253,f
2254,m
2255,m
2256,m
2257,m
2258,f
2259,m
2260,f
2261,m
2262,m
2263,m
2264,f
2265,m
2266,m
2267,m
2268,m
2269,m
2270,m
2271,m
2272,m
2273,m
2274,m
2275,f
2276,m
2277,m
2278,f
2279,m
2280,f
2281,m
2282,m
2283,f
2284,m
2285,m
2286,f
2287,m
2288,m
2289,m
2290,m
2291,m
2292,f
2293,m
2294,f
2295,m
2296,f
2297,m
2298,m
2299,m
2300,m
2301,f
2302,f
2303,f
2304,m
2305,f
2306,f
2307,m
2308,m
2309,m
2310,m
2311,m
2312,f
2313,m
2314,m
2315,m
2316,m
2317,m
2318,m
2319,m
2320,m
2321,m
2322,m
2323,f
2324,m
2325,m
2326,f
2327,m
2328,f
2329,f
2330,m
2331,m
2332,m
2333,m
2334,m
2335,m
2336,f
2337,f
2338,m
2339,m
2340,m
2341,f
2342,m
2343,m
2344,m
2345,m
2346,m
2347,m
2348,f
2349,m
2350,m
2351,m
2352,m
2353,m
2354,m
2355,m
2356,f
2357,m
2358,m
2359,m
2360,m
2361,m
2362,m
2363,m
2364,m
2365,m
2366,f
2367,f
2368,m
2369,m
2370,m
2371,m
2372,f
2373,m
2374,f
2375,m
2376,m
2377,m
2378,m
2379,m
2380,m
2381,f
2382,m
2383,m
2384,m
2385,m
2386,m
2387,m
2388,m
2389,m
2390,m
2391,m
2392,m
2393,m
2394,m
2395,m
2396,m
2397,m
2398,m
2399,m
2400,m
2401,m
2402,m
2403,f
2404,f
2405,m
2406,m
2407,f
2408,m
2409,m
2410,m
2411,f
2412,f
2413,f
2414,m
2415,m
2416,m
2417,m
2418,m
2419,f
2420,f
2421,m
2422,f
2423,m
2424,f
2425,m
2426,f
2427,m
2428,m
2429,f
2430,m
2431,m
2432,f
2433,m
2434,f
2435,m
2436,m
2437,m
2438,m
2439,m
2440,m
2441,m
2442,f
2443,m
2444,m
2445,m
2446,m
2447,m
2448,m
2449,m
2450,f
2451,m
2452,m
2453,m
2454,m
2455,m
2456,m
2457,m
2458,m
2459,m
2460,m
2461,m
2462,m
2463,m
2464,m
2465,f
2466,m
2467,m
2468,m
2469,m
2470,f
2471,m
2472,m
2473,m
2474,m
2475,m
2476,m
2477,m
2478,f
2479,f
2480,m
2481,m
2482,m
2483,m
2484,m
2485,m
2486,f
2487,m
2488,m
2489,f
2490,f
2491,undef
2492,m
2493,f
2494,m
2495,m
2496,m
2497,m
2498,f
2499,m
2500,f
2501,m
2502,m
2503,f
2504,m
2505,m
2506,f
2507,m
2508,f
2509,m
2510,m
2511,m
2512,m
2513,m
2514,m
2515,m
2516,f
2517,m
2518,f
2519,f
2520,m
2521,m
2522,m
2523,m
2524,f
2525,m
2526,m
2527,m
2528,m
2529,m
2530,m
2531,m
2532,m
2533,m
2534,f
2535,m
2536,m
2537,m
2538,m
2539,m
2540,f
2541,m
2542,m
2543,m
2544,m
2545,m
2546,m
2547,f
2548,f
2549,m
2550,m
2551,f
2552,m
2553,f
2554,m
2555,m
2556,m
2557,m
2558,f
2559,f
2560,m
2561,m
2562,m
2563,m
2564,m
2565,m
2566,f
2567,f
2568,m
2569,m
2570,m
2571,m
2572,m
2573,m
2574,m
2575,f
2576,m
2577,f
2578,m
2579,m
2580,m
2581,m
2582,m
2583,m
2584,f
2585,m
2586,m
2587,f
2588,m
2589,m
2590,m
2591,m
2592,f
2593,m
2594,m
2595,f
2596,f
2597,m
2598,f
2599,f
2600,f
2601,f
2602,f
2603,m
2604,m
2605,m
2606,m
2607,f
2608,f
2609,m
2610,f
2611,m
2612,m
2613,m
2614,m
2615,f
2616,m
2617,m
2618,m
2619,m
2620,m
2621,f
2622,m
2623,m
2624,m
2625,m
2626,f
2627,m
2628,f
2629,m
2630,m
2631,f
2632,f
2633,m
2634,f
2635,m
2636,f
2637,m
2638,m
2639,f
2640,m
2641,m
2642,undef
2643,m
2644,m
2645,f
2646,m
2647,f
2648,m
2649,m
2650,m
2651,m
2652,f
2653,m
2654,f
2655,m
2656,m
2657,m
2658,m
2659,m
2660,f
2661,f
2662,m
2663,f
2664,m
2665,m
2666,m
2667,f
2668,m
2669,m
2670,m
2671,f
2672,f
2673,m
2674,m
2675,m
2676,m
2677,m
2678,m
2679,f
2680,m
2681,m
2682,m
2683,f
2684,m
2685,m
2686,f
2687,m
2688,f
2689,m
2690,m
2691,m
2692,m
2693,m
2694,f
2695,m
2696,m
2697,f
2698,f
2699,m
2700,m
2701,f
2702,f
2703,undef
2704,m
2705,m
2706,m
2707,f
2708,f
2709,f
2710,m
2711,m
2712,m
2713,f
2714,m
2715,f
2716,m
2717,m
2718,m
2719,m
2720,f
2721,f
2722,f
2723,m
2724,f
2725,m
2726,f
2727,f
2728,m
2729,m
2730,f
2731,m
2732,f
2733,m
2734,m
2735,f
2736,m
2737,m
2738,m
2739,m
2740,m
2741,m
2742,m
2743,f
2744,m
2745,m
2746,m
2747,m
2748,f
2749,m
2750,m
2751,f
2752,m
2753,m
2754,m
2755,m
2756,m
2757,f
2758,m
2759,m
2760,m
2761,m
2762,m
2763,m
2764,m
2765,m
2766,m
2767,m
2768,m
2769,m
2770,f
2771,m
2772,m
2773,f
2774,m
2775,f
2776,m
2777,f
2778,m
2779,m
2780,f
2781,m
2782,m
2783,m
2784,m
2785,f
2786,m
2787,m
2788,m
2789,f
2790,m
2791,m
2792,m
2793,m
2794,m
2795,f
2796,m
2797,m
2798,m
2799,f
2800,m
2801,m
2802,m
2803,m
2804,m
2805,m
2806,m
2807,m
2808,m
2809,f
2810,m
2811,m
2812,f
2813,m
2814,m
2815,m
2816,f
2817,f
2818,f
2819,m
2820,m
2821,m
2822,f
2823,m
2824,m
2825,m
2826,m
2827,m
2828,f
2829,m
2830,m
2831,f
2832,m
2833,m
2834,m
2835,m
2836,m
2837,m
2838,m
2839,m
2840,m
2841,m
2842,f
2843,m
2844,m
2845,m
2846,m
2847,m
2848,m
2849,f
2850,m
2851,m
2852,m
2853,f
2854,m
2855,m
2856,m
2857,f
2858,m
2859,f
2860,m
2861,m
2862,f
2863,m
2864,f
2865,m
2866,m
2867,f
2868,m
2869,m
2870,m
2871,f
2872,m
2873,m
2874,f
2875,m
2876,m
2877,m
2878,m
2879,f
2880,f
2881,m
2882,m
2883,m
2884,m
2885,f
2886,m
2887,m
2888,m
2889,f
2890,m
2891,m
2892,m
2893,f
2894,f
2895,m
2896,m
2897,m
2898,m
2899,f
2900,m
2901,m
2902,m
2903,m
2904,m
2905,m
2906,m
2907,f
2908,m
2909,f
2910,f
2911,m
2912,f
2913,m
2914,m
2915,f
2916,m
2917,f
2918,m
2919,m
2920,f
2921,f
2922,f
2923,m
2924,m
2925,m
2926,m
2927,m
2928,m
2929,m
2930,m
2931,m
2932,m
2933,m
2934,f
2935,f
2936,f
2937,m
2938,f
2939,f
2940,f
2941,m
2942,m
2943,f
2944,m
2945,m
2946,m
2947,f
2948,f
2949,m
2950,f
2951,m
2952,f
2953,m
2954,m
2955,m
2956,f
2957,m
2958,m
2959,m
2960,m
2961,m
2962,f
2963,m
2964,f
2965,m
2966,f
2967,f
2968,f
2969,m
2970,f
2971,m
2972,m
2973,m
2974,m
2975,m
2976,m
2977,m
2978,m
2979,m
2980,m
2981,f
2982,m
2983,m
2984,m
2985,m
2986,m
2987,f
2988,m
2989,f
2990,m
2991,m
2992,m
2993,m
2994,m
2995,m
2996,m
2997,m
2998,m
2999,m
3000,m
3001,m
3002,m
3003,f
3004,m
3005,m
3006,f
3007,f
3008,m
3009,m
3010,f
3011,m
3012,m
3013,m
3014,m
3015,f
3016,m
3017,m
3018,m
3019,m
3020,f
3021,m
3022,m
3023,m
3024,m
3025,m
3026,f
3027,m
3028,m
3029,f
3030,m
3031,m
3032,f
3033,f
3034,m
3035,m
3036,m
3037,m
3038,m
3039,m
3040,m
3041,f
3042,f
3043,m
3044,f
3045,m
3046,m
3047,m
3048,f
3049,m
3050,m
3051,m
3052,m
3053,f
3054,f
3055,m
3056,m
3057,m
3058,m
3059,f
3060,m
3061,m
3062,f
3063,m
3064,f
3065,m
3066,m
3067,f
3068,m
3069,m
3070,f
3071,f
3072,f
3073,m
3074,m
3075,m
3076,f
3077,f
3078,m
3079,m
3080,m
3081,m
3082,f
3083,f
3084,f
3085,f
3086,m
3087,m
3088,f
3089,m
3090,m
3091,f
3092,m
3093,f
3094,m
3095,m
3096,m
3097,f
3098,f
3099,m
3100,m
3101,m
3102,m
3103,f
3104,m
3105,m
3106,m
3107,m
3108,f
3109,m
3110,m
3111,m
3112,f
3113,m
3114,m
3115,m
3116,m
3117,m
3118,f
3119,m
3120,m
3121,m
3122,m
3123,m
3124,m
3125,m
3126,m
3127,f
3128,f
3129,f
3130,m
3131,m
3132,f
3133,m
3134,m
3135,m
3136,f
3137,f
3138,m
3139,m
3140,f
3141,m
3142,f
3143,m
3144,m
3145,m
3146,m
3147,m
3148,f
3149,f
3150,m
3151,m
3152,m
3153,m
3154,m
3155,f
3156,m
3157,m
3158,m
3159,m
3160,m
3161,f
3162,m
3163,f
3164,f
3165,m
3166,m
3167,m
3168,m
3169,m
3170,f
3171,m
3172,m
3173,m
3174,m
3175,f
3176,m
3177,m
3178,f
3179,m
3180,m
3181,m
3182,m
3183,undef
3184,m
3185,f
3186,m
3187,m
3188,m
3189,m
3190,m
3191,m
3192,m
3193,f
3194,m
3195,m
3196,f
3197,m
3198,m
3199,f
3200,m
3201,m
3202,m
3203,m
3204,m
3205,m
3206,m
3207,m
3208,m
3209,m
3210,m
3211,f
3212,m
3213,m
3214,m
3215,m
3216,m
3217,m
3218,m
3219,m
3220,m
3221,m
3222,m
3223,m
3224,m
3225,m
3226,f
3227,m
3228,m
3229,f
3230,m
3231,m
3232,m
3233,f
3234,m
3235,m
3236,m
3237,m
3238,m
3239,m
3240,m
3241,m
3242,f
3243,f
3244,m
3245,m
3246,m
3247,m
3248,m
3249,f
3250,m
3251,f
3252,m
3253,f
3254,m
3255,m
3256,m
3257,m
3258,m
3259,f
3260,m
3261,m
3262,m
3263,m
3264,m
3265,m
3266,m
3267,undef
3268,m
3269,m
3270,m
3271,m
3272,m
3273,m
3274,m
3275,m
3276,f
3277,f
3278,m
3279,m
3280,m
3281,f
3282,f
3283,f
3284,m
3285,m
3286,f
3287,m
3288,m
3289,m
3290,m
3291,f
3292,f
3293,f
3294,m
3295,m
3296,m
3297,m
3298,m
3299,f
3300,m
3301,m
3302,f
3303,m
3304,f
3305,m
3306,m
3307,m
3308,m
3309,m
3310,m
3311,f
3312,m
3313,f
3314,m
3315,m
3316,f
3317,f
3318,m
3319,m
3320,m
3321,m
3322,f
3323,m
3324,m
3325,m
3326,m
3327,m
3328,m
3329,m
3330,f
3331,m
3332,f
3333,m
3334,f
3335,m
3336,f
3337,f
3338,m
3339,m
3340,m
3341,f
3342,m
3343,m
3344,m
3345,m
3346,m
3347,m
3348,m
3349,f
3350,f
3351,m
3352,f
3353,f
3354,f
3355,m
3356,m
3357,m
3358,m
3359,m
3360,m
3361,m
3362,m
3363,m
3364,f
3365,f
3366,m
3367,f
3368,f
3369,m
3370,m
3371,m
3372,m
3373,f
3374,f
3375,m
3376,f
3377,m
3378,m
3379,m
3380,m
3381,f
3382,m
3383,m
3384,m
3385,m
3386,m
3387,f
3388,m
3389,f
3390,f
3391,m
3392,m
3393,m
3394,f
3395,m
3396,m
3397,m
3398,f
3399,f
3400,m
3401,m
3402,m
3403,m
3404,m
3405,m
3406,f
3407,f
3408,m
3409,m
3410,m
3411,m
3412,f
3413,m
3414,f
3415,m
3416,m
3417,f
3418,m
3419,f
3420,m
3421,m
3422,m
3423,m
3424,m
3425,f
3426,f
3427,m
3428,m
3429,m
3430,m
3431,m
3432,m
3433,m
3434,f
3435,m
3436,m
3437,m
3438,f
3439,m
3440,f
3441,f
3442,m
3443,m
3444,m
3445,f
3446,m
3447,m
3448,m
3449,m
3450,m
3451,f
3452,m
3453,f
3454,m
3455,m
3456,m
3457,m
3458,m
3459,m
3460,m
3461,m
3462,m
3463,m
3464,f
3465,m
3466,m
3467,m
3468,m
3469,f
3470,f
3471,m
3472,m
3473,m
3474,m
3475,f
3476,m
3477,m
3478,m
3479,m
3480,m
3481,m
3482,m
3483,m
3484,m
3485,m
3486,m
3487,m
3488,m
3489,m
3490,m
3491,f
3492,m
3493,m
3494,f
3495,f
3496,f
3497,f
3498,m
3499,m
3500,f
3501,f
3502,m
3503,m
3504,m
3505,m
3506,m
3507,f
3508,m
3509,m
3510,m
3511,f
3512,m
3513,m
3514,m
3515,m
3516,m
3517,m
3518,f
3519,f
3520,m
3521,m
3522,m
3523,m
3524,m
3525,f
3526,f
3527,m
3528,f
3529,f
3530,m
3531,f
3532,m
3533,m
3534,m
3535,m
3536,m
3537,f
3538,f
3539,f
3540,f
3541,m
3542,m
3543,m
3544,m
3545,m
3546,m
3547,m
3548,f
3549,f
3550,f
3551,f
3552,f
3553,m
3554,f
3555,m
3556,undef
3557,f
3558,m
3559,m
3560,f
3561,m
3562,f
3563,f
3564,m
3565,f
3566,m
3567,m
3568,f
3569,m
3570,f
3571,m
3572,m
3573,m
3574,m
3575,m
3576,m
3577,m
3578,m
3579,f
3580,m
3581,f
3582,m
3583,m
3584,f
3585,m
3586,m
3587,m
3588,m
3589,f
3590,f
3591,m
3592,m
3593,m
3594,f
3595,m
3596,m
3597,f
3598,m
3599,m
3600,m
3601,m
3602,m
3603,f
3604,m
3605,m
3606,m
3607,m
3608,f
3609,m
3610,m
3611,f
3612,m
3613,m
3614,m
3615,m
3616,m
3617,m
3618,m
3619,m
3620,m
3621,m
3622,m
3623,m
3624,f
3625,m
3626,m
3627,m
3628,m
3629,m
3630,m
3631,m
3632,m
3633,m
3634,f
3635,m
3636,m
3637,m
3638,f
3639,m
3640,m
3641,f
3642,m
3643,m
3644,m
3645,m
3646,m
3647,m
3648,m
3649,f
3650,m
3651,f
3652,m
3653,m
3654,m
3655,m
3656,f
3657,m
3658,m
3659,m
3660,m
3661,m
3662,m
3663,m
3664,m
3665,f
3666,m
3667,m
3668,m
3669,m
3670,m
3671,f
3672,f
3673,f
3674,f
3675,m
3676,m
3677,f
3678,m
3679,m
3680,m
3681,m
3682,f
3683,f
3684,m
3685,m
3686,m
3687,f
3688,m
3689,m
3690,f
3691,m
3692,f
3693,m
3694,m
3695,m
3696,m
3697,f
3698,m
3699,m
3700,m
3701,m
3702,m
3703,m
3704,m
3705,m
3706,f
3707,f
3708,m
3709,m
3710,f
3711,m
3712,m
3713,m
3714,f
3715,f
3716,m
3717,m
3718,m
3719,f
3720,f
3721,f
3722,m
3723,m
3724,m
3725,m
3726,m
3727,m
3728,m
3729,f
3730,m
3731,m
3732,f
3733,m
3734,m
3735,m
3736,f
3737,m
3738,m
3739,m
3740,m
3741,m
3742,m
3743,m
3744,m
3745,f
3746,m
3747,f
3748,m
3749,m
3750,f
3751,m
3752,m
3753,m
3754,m
3755,m
3756,m
3757,f
3758,m
3759,f
3760,f
3761,f
3762,f
3763,m
3764,m
3765,m
3766,m
3767,m
3768,f
3769,m
3770,m
3771,m
3772,m
3773,f
3774,f
3775,m
3776,f
3777,f
3778,m
3779,m
3780,m
3781,m
3782,m
3783,f
3784,m
3785,f
3786,f
3787,m
3788,m
3789,m
3790,m
3791,f
3792,f
3793,m
3794,m
3795,f
3796,m
3797,m
3798,m
3799,m
3800,m
3801,m
3802,m
3803,m
3804,m
3805,m
3806,f
3807,m
3808,m
3809,m
3810,f
3811,f
3812,f
3813,f
3814,m
3815,f
3816,m
3817,m
3818,m
3819,m
3820,m
3821,m
3822,m
3823,m
3824,m
3825,m
3826,m
3827,m
3828,m
3829,f
3830,f
3831,m
3832,m
3833,m
3834,f
3835,f
3836,m
3837,f
3838,m
3839,m
3840,f
3841,f
3842,m
3843,m
3844,m
3845,m
3846,m
3847,m
3848,f
3849,f
3850,f
3851,f
3852,m
3853,m
3854,m
3855,m
3856,f
3857,f
3858,f
3859,f
3860,f
3861,f
3862,f
3863,m
3864,m
3865,f
3866,m
3867,m
3868,f
3869,m
3870,m
3871,m
3872,m
3873,f
3874,f
3875,f
3876,m
3877,m
3878,m
3879,f
3880,m
3881,m
3882,m
3883,m
3884,f
3885,m
3886,m
3887,m
3888,f
3889,m
3890,m
3891,m
3892,m
3893,m
3894,f
3895,m
3896,m
3897,m
3898,m
3899,m
3900,m
3901,f
3902,m
3903,m
3904,m
3905,m
3906,m
3907,m
3908,m
3909,m
3910,m
3911,m
3912,f
3913,m
3914,undef
3915,m
3916,f
3917,m
3918,m
3919,f
3920,m
3921,m
3922,f
3923,m
3924,m
3925,f
3926,m
3927,m
3928,m
3929,f
3930,m
3931,m
3932,m
3933,f
3934,m
3935,f
3936,m
3937,m
3938,f
3939,m
3940,m
3941,m
3942,m
3943,m
3944,m
3945,m
3946,m
3947,f
3948,f
3949,f
3950,f
3951,f
3952,m
3953,m
3954,f
3955,m
3956,f
3957,m
3958,f
3959,f
3960,f
3961,m
3962,m
3963,m
3964,m
3965,m
3966,m
3967,m
3968,f
3969,m
3970,m
3971,m
3972,m
3973,m
3974,m
3975,f
3976,f
3977,m
3978,m
3979,f
3980,m
3981,m
3982,m
3983,m
3984,f
3985,m
3986,m
3987,m
3988,f
3989,m
3990,m
3991,m
3992,m
3993,m
3994,m
3995,m
3996,m
3997,m
3998,m
3999,m
4000,m
4001,m
4002,m
4003,m
4004,f
4005,m
4006,m
4007,f
4008,m
4009,m
4010,f
4011,f
4012,f
4013,f
4014,m
4015,m
4016,m
4017,m
4018,m
4019,m
4020,m
4021,m
4022,f
4023,m
4024,m
4025,m
4026,m
4027,m
4028,m
4029,undef
4030,m
4031,m
4032,m
4033,m
4034,m
4035,f
4036,m
4037,m
4038,f
4039,m
4040,m
4041,m
4042,m
4043,m
4044,m
4045,f
4046,f
4047,m
4048,m
4049,m
4050,f
4051,m
4052,m
4053,f
4054,m
4055,m
4056,m
4057,m
4058,f
4059,m
4060,f
4061,f
4062,m
4063,f
4064,m
4065,m
4066,f
4067,m
4068,m
4069,m
4070,m
4071,m
4072,m
4073,m
4074,m
4075,f
4076,f
4077,f
4078,f
4079,m
4080,m
4081,f
4082,m
4083,m
4084,m
4085,f
4086,m
4087,m
4088,m
4089,m
4090,f
4091,f
4092,f
4093,m
4094,m
4095,f
4096,m
4097,f
4098,f
4099,f
4100,f
4101,m
4102,m
4103,m
4104,f
4105,m
4106,m
4107,m
4108,m
4109,f
4110,m
4111,m
4112,m
4113,m
4114,m
4115,f
4116,f
4117,m
4118,m
4119,m
4120,f
4121,m
4122,f
4123,m
4124,m
4125,f
4126,f
4127,m
4128,m
4129,m
4130,m
4131,f
4132,m
4133,m
4134,m
4135,f
4136,f
4137,m
4138,m
4139,m
4140,m
4141,f
4142,m
4143,m
4144,m
4145,m
4146,f
4147,f
4148,m
4149,f
4150,m
4151,m
4152,f
4153,m
4154,m
4155,m
4156,f
4157,m
4158,m
4159,f
4160,f
4161,m
4162,m
4163,f
4164,m
4165,m
4166,m
4167,m
4168,f
4169,m
4170,m
4171,m
4172,m
4173,m
4174,m
4175,m
4176,m
4177,m
4178,f
4179,m
4180,m
4181,m
4182,f
4183,m
4184,m
4185,f
4186,f
4187,f
4188,m
4189,m
4190,m
4191,f
4192,f
4193,f
4194,m
4195,m
4196,m
4197,f
4198,m
4199,f
4200,f
4201,m
4202,f
4203,m
4204,f
4205,m
4206,m
4207,m
4208,m
4209,m
4210,m
4211,f
4212,m
4213,m
4214,m
4215,f
4216,m
4217,m
4218,m
4219,m
4220,m
4221,m
4222,m
4223,m
4224,f
4225,m
4226,f
4227,m
4228,m
4229,m
4230,m
4231,f
4232,m
4233,m
4234,m
4235,m
4236,f
4237,f
4238,m
4239,m
4240,m
4241,f
4242,m
4243,m
4244,m
4245,f
4246,f
4247,m
4248,m
4249,m
4250,m
4251,f
4252,m
4253,m
4254,f
4255,m
4256,m
4257,m
4258,f
4259,f
4260,m
4261,f
4262,m
4263,m
4264,m
4265,m
4266,m
4267,m
4268,m
4269,f
4270,m
4271,m
4272,m
4273,m
4274,m
4275,m
4276,m
4277,m
4278,m
4279,f
4280,m
4281,m
4282,m
4283,f
4284,m
4285,f
4286,m
4287,f
4288,f
4289,m
4290,f
4291,m
4292,m
4293,f
4294,m
4295,f
4296,m
4297,m
4298,m
4299,m
4300,m
4301,f
4302,f
4303,m
4304,f
4305,f
4306,m
4307,m
4308,m
4309,m
4310,m
4311,m
4312,f
4313,m
4314,m
4315,m
4316,m
4317,m
4318,m
4319,m
4320,m
4321,m
4322,f
4323,m
4324,m
4325,m
4326,m
4327,m
4328,m
4329,f
4330,f
4331,m
4332,m
4333,m
4334,m
4335,m
4336,undef
4337,m
4338,f
4339,f
4340,m
4341,m
4342,f
4343,m
4344,m
4345,m
4346,f
4347,m
4348,f
4349,m
4350,m
4351,f
4352,m
4353,m
4354,m
4355,f
4356,m
4357,m
4358,f
4359,m
4360,f
4361,m
4362,f
4363,m
4364,m
4365,f
4366,m
4367,m
4368,m
4369,m
4370,f
4371,f
4372,f
4373,m
4374,f
4375,m
4376,m
4377,m
4378,m
4379,f
4380,m
4381,f
4382,m
4383,m
4384,m
4385,m
4386,m
4387,f
4388,m
4389,m
4390,m
4391,f
4392,f
4393,f
4394,m
4395,m
4396,f
4397,m
4398,m
4399,m
4400,f
4401,m
4402,m
4403,f
4404,m
4405,f
4406,m
4407,m
4408,m
4409,m
4410,f
4411,f
4412,m
4413,m
4414,m
4415,m
4416,m
4417,f
4418,f
4419,m
4420,m
4421,m
4422,f
4423,f
4424,m
4425,m
4426,m
4427,m
4428,f
4429,f
4430,f
4431,f
4432,m
4433,m
4434,m
4435,f
4436,f
4437,m
4438,m
4439,m
4440,m
4441,m
4442,f
4443,m
4444,m
4445,m
4446,m
4447,m
4448,m
4449,m
4450,m
4451,m
4452,f
4453,f
4454,m
4455,m
4456,m
4457,m
4458,m
4459,f
4460,f
4461,m
4462,f
4463,m
4464,m
4465,f
4466,f
4467,f
4468,f
4469,f
4470,f
4471,f
4472,f
4473,m
4474,m
4475,m
4476,m
4477,m
4478,f
4479,f
4480,m
4481,f
4482,f
4483,m
4484,m
4485,m
4486,m
4487,m
4488,f
4489,m
4490,m
4491,m
4492,m
4493,f
4494,m
4495,m
4496,m
4497,m
4498,m
4499,f
4500,f
4501,m
4502,m
4503,f
4504,f
4505,m
4506,f
4507,f
4508,m
4509,f
4510,f
4511,f
4512,f
4513,m
4514,m
4515,f
4516,m
4517,f
4518,f
4519,m
4520,m
4521,m
4522,m
4523,m
4524,f
4525,f
4526,m
4527,m
4528,m
4529,f
4530,m
4531,m
4532,m
4533,m
4534,m
4535,m
4536,m
4537,m
4538,m
4539,f
4540,m
4541,m
4542,m
4543,f
4544,m
4545,m
4546,m
4547,m
4548,m
4549,f
4550,m
4551,m
4552,m
4553,m
4554,f
4555,m
4556,m
4557,m
4558,m
4559,f
4560,m
4561,f
4562,m
4563,f
4564,m
4565,m
4566,m
4567,m
4568,m
4569,m
4570,m
4571,f
4572,m
4573,m
4574,f
4575,f
4576,m
4577,m
4578,m
4579,m
4580,m
4581,f
4582,m
4583,m
4584,f
4585,f
4586,f
4587,m
4588,m
4589,m
4590,m
4591,m
4592,m
4593,m
4594,m
4595,f
4596,f
4597,f
4598,f
4599,f
4600,m
4601,m
4602,m
4603,f
4604,m
4605,m
4606,m
4607,f
4608,m
4609,f
4610,m
4611,f
4612,m
4613,m
4614,m
4615,m
4616,m
4617,m
4618,m
4619,m
4620,m
4621,m
4622,m
4623,m
4624,m
4625,f
4626,f
4627,f
4628,m
4629,m
4630,m
4631,m
4632,f
4633,f
4634,m
4635,m
4636,m
4637,m
4638,m
4639,f
4640,m
4641,m
4642,m
4643,m
4644,f
4645,m
4646,m
4647,m
4648,f
4649,m
4650,m
4651,m
4652,m
4653,m
4654,m
4655,m
4656,m
4657,m
4658,m
4659,f
4660,m
4661,m
4662,m
4663,f
4664,f
4665,m
4666,m
4667,m
4668,m
4669,f
4670,f
4671,m
4672,m
4673,m
4674,f
4675,f
4676,f
4677,m
4678,m
4679,f
4680,f
4681,f
4682,m
4683,f
4684,m
4685,m
4686,f
4687,m
4688,m
4689,m
4690,f
4691,m
4692,m
4693,m
4694,m
4695,f
4696,m
4697,m
4698,m
4699,m
4700,m
4701,m
4702,m
4703,m
4704,f
4705,f
4706,m
4707,m
4708,m
4709,m
4710,m
4711,m
4712,f
4713,m
4714,m
4715,m
4716,m
4717,f
4718,m
4719,f
4720,m
4721,m
4722,m
4723,m
4724,m
4725,m
4726,m
4727,m
4728,m
4729,m
4730,m
4731,f
4732,m
4733,m
4734,f
4735,m
4736,m
4737,m
4738,f
4739,m
4740,f
4741,m
4742,f
4743,m
4744,m
4745,f
4746,m
4747,f
4748,m
4749,f
4750,m
4751,f
4752,m
4753,m
4754,m
4755,f
4756,m
4757,m
4758,f
4759,m
4760,m
4761,m
4762,m
4763,m
4764,m
4765,f
4766,f
4767,f
4768,m
4769,f
4770,m
4771,m
4772,m
4773,m
4774,m
4775,m
4776,m
4777,m
4778,m
4779,m
4780,m
4781,m
4782,m
4783,m
4784,f
4785,m
4786,m
4787,f
4788,m
4789,f
4790,f
4791,m
4792,m
4793,m
4794,f
4795,m
4796,m
4797,m
4798,m
4799,m
4800,m
4801,f
4802,m
4803,m
4804,m
4805,f
4806,f
4807,m
4808,m
4809,m
4810,m
4811,m
4812,m
4813,m
4814,m
4815,m
4816,m
4817,f
4818,f
4819,m
4820,m
4821,m
4822,m
4823,m
4824,m
4825,m
4826,m
4827,m
4828,m
4829,m
4830,m
4831,m
4832,m
4833,m
4834,m
4835,m
4836,m
4837,f
4838,m
4839,m
4840,m
4841,f
4842,f
4843,f
4844,m
4845,m
4846,m
4847,m
4848,f
4849,m
4850,m
4851,m
4852,f
4853,f
4854,m
4855,m
4856,m
4857,m
4858,m
4859,m
4860,f
4861,m
4862,f
4863,m
4864,m
4865,m
4866,m
4867,m
4868,m
4869,m
4870,m
4871,m
4872,m
4873,m
4874,m
4875,m
4876,m
4877,f
4878,m
4879,m
4880,m
4881,f
4882,m
4883,m
4884,f
4885,f
4886,m
4887,m
4888,m
4889,m
4890,m
4891,m
4892,m
4893,m
4894,m
4895,f
4896,m
4897,m
4898,f
4899,m
4900,f
4901,f
4902,m
4903,m
4904,m
4905,m
4906,f
4907,f
4908,f
4909,m
4910,m
4911,m
4912,m
4913,m
4914,f
4915,m
4916,m
4917,m
4918,m
4919,f
4920,m
4921,f
4922,m
4923,f
4924,m
4925,m
4926,m
4927,m
4928,f
4929,m
4930,f
4931,m
4932,f
4933,f
4934,m
4935,f
4936,m
4937,f
4938,m
4939,f
4940,f
4941,f
4942,m
4943,m
4944,m
4945,m
4946,m
4947,f
4948,m
4949,f
4950,m
4951,f
4952,m
4953,f
4954,m
4955,f
4956,m
4957,m
4958,m
4959,m
4960,f
4961,m
4962,f
4963,m
4964,m
4965,m
4966,m
4967,m
4968,m
4969,m
4970,f
4971,m
4972,m
4973,m
4974,f
4975,f
4976,m
4977,m
4978,m
4979,m
4980,m
4981,f
4982,m
4983,f
4984,f
4985,m
4986,m
4987,m
4988,m
4989,m
4990,m
4991,m
4992,m
4993,f
4994,m
4995,m
4996,m
4997,m
4998,m
4999,m
5000,m
5001,m
5002,m
5003,f
5004,m
5005,m
5006,m
5007,m
5008,m
5009,f
5010,m
5011,f
5012,m
5013,m
5014,m
5015,m
5016,m
5017,f
5018,m
5019,m
5020,m
5021,m
5022,m
5023,f
5024,m
5025,m
5026,m
5027,f
5028,m
5029,m
5030,f
5031,m
5032,m
5033,m
5034,m
5035,m
5036,f
5037,f
5038,m
5039,f
5040,m
5041,f
5042,m
5043,m
5044,m
5045,f
5046,f
5047,f
5048,m
5049,m
5050,f
5051,f
5052,f
5053,m
5054,m
5055,f
5056,m
5057,f
5058,m
5059,m
5060,m
5061,m
5062,m
5063,m
5064,f
5065,f
5066,f
5067,m
5068,f
5069,m
5070,m
5071,m
5072,m
5073,m
5074,m
5075,m
5076,m
5077,f
5078,m
5079,m
5080,m
5081,m
5082,m
5083,m
5084,m
5085,m
5086,m
5087,f
5088,m
5089,f
5090,f
5091,m
5092,m
5093,m
5094,m
5095,f
5096,f
5097,m
5098,m
5099,m
5100,f
5101,f
5102,m
5103,m
5104,m
5105,m
5106,m
5107,f
5108,f
5109,m
5110,m
5111,m
5112,f
5113,m
5114,f
5115,m
5116,f
5117,m
5118,m
5119,m
5120,m
5121,f
5122,m
5123,m
5124,m
5125,f
5126,m
5127,m
5128,m
5129,f
5130,f
5131,f
5132,m
5133,m
5134,m
5135,f
5136,m
5137,m
5138,m
5139,f
5140,m
5141,f
5142,m
5143,f
5144,m
5145,m
5146,m
5147,m
5148,m
5149,f
5150,m
5151,m
5152,m
5153,m
5154,m
5155,m
5156,m
5157,m
5158,f
5159,m
5160,m
5161,m
5162,m
5163,m
5164,m
5165,m
5166,m
5167,m
5168,m
5169,m
5170,m
5171,m
5172,m
5173,m
5174,f
5175,m
5176,f
5177,m
5178,f
5179,m
5180,m
5181,m
5182,f
5183,m
5184,m
5185,m
5186,m
5187,f
5188,f
5189,f
5190,m
5191,m
5192,m
5193,m
5194,m
5195,m
5196,m
5197,f
5198,m
5199,m
5200,m
5201,m
5202,m
5203,m
5204,f
5205,f
5206,m
5207,m
5208,f
5209,m
5210,f
5211,f
5212,f
5213,m
5214,m
5215,m
5216,m
5217,m
5218,f
5219,m
5220,f
5221,m
5222,m
5223,m
5224,m
5225,m
5226,m
5227,m
5228,f
5229,m
5230,f
5231,f
5232,m
5233,m
5234,m
5235,m
5236,f
5237,m
5238,m
5239,f
5240,m
5241,m
5242,m
5243,m
5244,m
5245,m
5246,m
5247,m
5248,m
5249,m
5250,m
5251,m
5252,m
5253,m
5254,m
5255,m
5256,f
5257,m
5258,f
5259,f
5260,f
5261,m
5262,f
5263,f
5264,m
5265,m
5266,m
5267,m
5268,m
5269,m
5270,f
5271,m
5272,m
5273,f
5274,f
5275,f
5276,f
5277,m
5278,m
5279,m
5280,m
5281,f
5282,m
5283,f
5284,m
5285,f
5286,f
5287,m
5288,m
5289,f
5290,m
5291,m
5292,m
5293,m
5294,m
5295,f
5296,f
5297,m
5298,m
5299,m
5300,f
5301,m
5302,m
5303,m
5304,m
5305,f
5306,m
5307,m
5308,f
5309,m
5310,m
5311,m
5312,m
5313,f
5314,m
5315,f
5316,m
5317,f
5318,f
5319,f
5320,f
5321,m
5322,m
5323,m
5324,f
5325,m
5326,f
5327,m
5328,m
5329,m
5330,m
5331,m
5332,m
5333,m
5334,f
5335,f
5336,m
5337,m
5338,m
5339,m
5340,m
5341,f
5342,f
5343,m
5344,m
5345,f
5346,m
5347,m
5348,m
5349,m
5350,m
5351,m
5352,m
5353,m
5354,m
5355,m
5356,m
5357,m
5358,m
5359,m
5360,m
5361,f
5362,f
5363,m
5364,f
5365,m
5366,f
5367,f
5368,f
5369,m
5370,m
5371,f
5372,m
5373,f
5374,f
5375,m
5376,m
5377,m
5378,m
5379,f
5380,f
5381,m
5382,f
5383,m
5384,f
5385,f
5386,m
5387,m
5388,m
5389,m
5390,m
5391,m
5392,m
5393,m
5394,m
5395,m
5396,m
5397,m
5398,m
5399,f
5400,m
5401,m
5402,m
5403,m
5404,m
5405,m
5406,m
5407,f
5408,f
5409,m
5410,m
5411,f
5412,m
5413,m
5414,m
5415,f
5416,f
5417,f
5418,m
5419,m
5420,m
5421,m
5422,f
5423,m
5424,f
5425,f
5426,f
5427,m
5428,m
5429,m
5430,m
5431,f
5432,f
5433,m
5434,m
5435,m
5436,m
5437,m
5438,f
5439,m
5440,m
5441,m
5442,f
5443,m
5444,m
5445,m
5446,m
5447,m
5448,f
5449,m
5450,m
5451,m
5452,f
5453,f
5454,m
5455,m
5456,m
5457,m
5458,f
5459,m
5460,f
5461,m
5462,m
5463,m
5464,m
5465,m
5466,m
5467,f
5468,f
5469,m
5470,m
5471,m
5472,m
5473,f
5474,m
5475,f
5476,m
5477,m
5478,m
5479,m
5480,f
5481,f
5482,m
5483,m
5484,m
5485,m
5486,m
5487,m
5488,m
5489,f
5490,m
5491,m
5492,m
5493,m
5494,m
5495,f
5496,m
5497,m
5498,f
5499,f
5500,m
5501,m
5502,m
5503,m
5504,m
5505,m
5506,m
5507,m
5508,f
5509,f
5510,f
5511,m
5512,m
5513,m
5514,m
5515,m
5516,f
5517,m
5518,m
5519,f
5520,m
5521,f
5522,f
5523,m
5524,m
5525,f
5526,m
5527,m
5528,m
5529,m
5530,m
5531,f
5532,m
5533,m
5534,m
5535,f
5536,m
5537,m
5538,f
5539,f
5540,f
5541,m
5542,m
5543,m
5544,f
5545,f
5546,m
5547,m
5548,m
5549,m
5550,m
5551,m
5552,m
5553,m
5554,m
5555,m
5556,m
5557,m
5558,m
5559,m
5560,m
5561,f
5562,f
5563,m
5564,f
5565,m
5566,m
5567,m
5568,m
5569,f
5570,m
5571,m
5572,f
5573,f
5574,m
5575,m
5576,m
5577,f
5578,f
5579,m
5580,m
5581,m
5582,m
5583,m
5584,m
5585,f
5586,m
5587,m
5588,m
5589,m
5590,m
5591,f
5592,f
5593,f
5594,m
5595,m
5596,m
5597,f
5598,f
5599,f
5600,f
5601,f
5602,m
5603,m
5604,m
5605,f
5606,m
5607,m
5608,m
5609,m
5610,f
5611,f
5612,f
5613,m
5614,f
5615,m
5616,f
5617,m
5618,m
5619,f
5620,m
5621,m
5622,m
5623,m
5624,f
5625,m
5626,f
5627,m
5628,m
5629,m
5630,m
5631,m
5632,m
5633,f
5634,f
5635,m
5636,m
5637,m
5638,m
5639,f
5640,f
5641,m
5642,f
5643,f
5644,m
5645,f
5646,m
5647,m
5648,m
5649,m
5650,m
5651,m
5652,f
5653,m
5654,m
5655,f
5656,m
5657,f
5658,f
5659,m
5660,m
5661,m
5662,m
5663,m
5664,f
5665,f
5666,f
5667,m
5668,m
5669,f
5670,f
5671,m
5672,f
5673,f
5674,m
5675,m
5676,m
5677,m
5678,m
5679,f
5680,m
5681,m
5682,m
5683,f
5684,f
5685,m
5686,f
5687,m
5688,m
5689,f
5690,m
5691,m
5692,m
5693,m
5694,m
5695,m
5696,f
5697,m
5698,m
5699,m
5700,m
5701,f
5702,m
5703,m
5704,f
5705,m
5706,m
5707,m
5708,f
5709,m
5710,m
5711,m
5712,m
5713,m
5714,m
5715,m
5716,m
5717,m
5718,f
5719,f
5720,m
5721,m
5722,m
5723,m
5724,m
5725,f
5726,m
5727,m
5728,m
5729,m
5730,m
5731,m
5732,f
5733,m
5734,f
5735,f
5736,f
5737,m
5738,m
5739,f
5740,f
5741,m
5742,f
5743,m
5744,f
5745,m
5746,f
5747,m
5748,m
5749,m
5750,m
5751,m
5752,m
5753,m
5754,m
5755,m
5756,f
5757,m
5758,f
5759,f
5760,f
5761,m
5762,m
5763,m
5764,m
5765,m
5766,f
5767,m
5768,m
5769,f
5770,f
5771,m
5772,m
5773,f
5774,f
5775,m
5776,f
5777,m
5778,f
5779,m
5780,m
5781,f
5782,m
5783,m
5784,m
5785,m
5786,m
5787,m
5788,m
5789,m
5790,m
5791,m
5792,m
5793,m
5794,m
5795,f
5796,m
5797,f
5798,m
5799,m
5800,f
5801,m
5802,m
5803,m
5804,f
5805,f
5806,m
5807,f
5808,f
5809,m
5810,m
5811,m
5812,m
5813,m
5814,f
5815,m
5816,m
5817,f
5818,f
5819,f
5820,m
5821,m
5822,f
5823,f
5824,f
5825,m
5826,m
5827,m
5828,f
5829,f
5830,f
5831,m
5832,m
5833,f
5834,m
5835,m
5836,m
5837,m
5838,m
5839,m
5840,f
5841,f
5842,m
5843,m
5844,m
5845,m
5846,f
5847,f
5848,m
5849,f
5850,m
5851,f
5852,f
5853,f
5854,m
5855,f
5856,m
5857,m
5858,m
5859,m
5860,m
5861,m
5862,m
5863,f
5864,m
5865,m
5866,m
5867,f
5868,f
5869,f
5870,m
5871,m
5872,m
5873,f
5874,m
5875,m
5876,m
5877,f
5878,f
5879,f
5880,f
5881,m
5882,f
5883,f
5884,f
5885,m
5886,f
5887,m
5888,m
5889,m
5890,m
5891,f
5892,m
5893,f
5894,f
5895,f
5896,m
5897,f
5898,m
5899,m
5900,f
5901,m
5902,m
5903,f
5904,m
5905,f
5906,f
5907,f
5908,m
5909,m
5910,f
5911,m
5912,f
5913,m
5914,m
5915,m
5916,m
5917,m
5918,m
5919,m
5920,m
5921,m
5922,m
5923,m
5924,m
5925,m
5926,f
5927,m
5928,m
5929,f
5930,f
5931,m
5932,m
5933,m
5934,f
5935,m
5936,m
5937,f
5938,m
5939,undef
5940,m
5941,m
5942,m
5943,m
5944,m
5945,f
5946,m
5947,m
5948,f
5949,m
5950,m
5951,f
5952,f
5953,m
5954,f
5955,m
5956,m
5957,m
5958,m
5959,m
5960,m
5961,f
5962,m
5963,f
5964,m
5965,f
5966,m
5967,f
5968,m
5969,m
5970,m
5971,m
5972,f
5973,m
5974,m
5975,m
5976,m
5977,m
5978,m
5979,f
5980,f
5981,m
5982,m
5983,m
5984,f
5985,m
5986,m
5987,m
5988,m
5989,m
5990,m
5991,m
5992,m
5993,m
5994,m
5995,f
5996,m
5997,m
5998,m
5999,m
6000,f
6001,m
6002,m
6003,m
6004,f
6005,m
6006,m
6007,m
6008,m
6009,m
6010,f
6011,f
6012,m
6013,f
6014,m
6015,m
6016,f
6017,m
6018,m
6019,f
6020,m
6021,m
6022,m
6023,m
6024,f
6025,m
6026,m
6027,m
6028,m
6029,m
6030,m
6031,m
6032,f
6033,m
6034,f
6035,f
6036,m
6037,m
6038,m
6039,m
6040,m
6041,m
6042,m
6043,m
6044,m
6045,f
6046,m
6047,m
6048,m
6049,m
6050,f
6051,m
6052,f
6053,m
6054,m
6055,f
6056,m
6057,f
6058,m
6059,m
6060,f
6061,f
6062,f
6063,m
6064,m
6065,m
6066,m
6067,m
6068,m
6069,m
6070,f
6071,m
6072,f
6073,f
6074,m
6075,f
6076,f
6077,m
6078,m
6079,m
6080,m
6081,m
6082,m
6083,m
6084,m
6085,m
6086,f
6087,m
6088,f
6089,f
6090,m
6091,m
6092,f
6093,f
6094,m
6095,m
6096,f
6097,f
6098,m
6099,m
6100,f
6101,f
6102,f
6103,m
6104,m
6105,m
6106,m
6107,f
6108,f
6109,m
6110,f
6111,m
6112,m
6113,m
6114,m
6115,m
6116,m
6117,m
6118,m
6119,m
6120,m
6121,f
6122,f
6123,m
6124,m
6125,f
6126,m
6127,m
6128,f
6129,m
6130,m
6131,m
6132,m
6133,m
6134,m
6135,m
6136,f
6137,m
6138,m
6139,m
6140,m
6141,m
6142,f
6143,f
6144,m
6145,f
6146,m
6147,m
6148,m
6149,m
6150,f
6151,m
6152,m
6153,m
6154,f
6155,m
6156,f
6157,m
6158,m
6159,m
6160,m
6161,m
6162,m
6163,m
6164,undef
6165,m
6166,f
6167,m
6168,m
6169,f
6170,m
6171,m
6172,m
6173,m
6174,m
6175,m
6176,m
6177,m
6178,m
6179,m
6180,m
6181,m
6182,m
6183,m
6184,m
6185,m
6186,m
6187,undef
6188,m
6189,m
6190,m
6191,m
6192,f
6193,f
6194,m
6195,m
6196,m
6197,m
6198,m
6199,m
6200,m
6201,f
6202,m
6203,m
6204,m
6205,m
6206,f
6207,f
6208,f
6209,f
6210,m
6211,m
6212,f
6213,f
6214,f
6215,m
6216,m
6217,m
6218,m
6219,f
6220,f
6221,m
6222,m
6223,m
6224,f
6225,f
6226,m
6227,m
6228,f
6229,f
6230,f
6231,m
6232,m
6233,f
6234,m
6235,f
6236,m
6237,m
6238,f
6239,m
6240,f
6241,f
6242,m
6243,m
6244,m
6245,m
6246,f
6247,m
6248,f
6249,m
6250,m
6251,m
6252,m
6253,m
6254,f
6255,f
6256,m
6257,m
6258,f
6259,f
6260,m
6261,f
6262,f
6263,m
6264,m
6265,m
6266,m
6267,m
6268,m
6269,m
6270,m
6271,m
6272,f
6273,m
6274,f
6275,m
6276,m
6277,m
6278,m
6279,m
6280,f
6281,m
6282,m
6283,f
6284,m
6285,m
6286,m
6287,f
6288,m
6289,m
6290,f
6291,m
6292,m
6293,m
6294,m
6295,m
6296,m
6297,m
6298,f
6299,m
6300,m
6301,f
6302,f
6303,m
6304,f
6305,m
6306,m
6307,m
6308,f
6309,f
6310,m
6311,m
6312,m
6313,m
6314,m
6315,m
6316,m
6317,m
6318,m
6319,m
6320,f
6321,m
6322,m
6323,m
6324,f
6325,m
6326,m
6327,f
6328,f
6329,m
6330,m
6331,f
6332,m
6333,f
6334,m
6335,m
6336,m
6337,m
6338,m
6339,m
6340,m
6341,m
6342,f
6343,m
6344,f
6345,m
6346,f
6347,f
6348,f
6349,m
6350,m
6351,m
6352,m
6353,m
6354,m
6355,m
6356,m
6357,f
6358,m
6359,m
6360,m
6361,f
6362,m
6363,m
6364,m
6365,f
6366,f
6367,m
6368,f
6369,m
6370,m
6371,m
6372,m
6373,m
6374,f
6375,m
6376,m
6377,f
6378,m
6379,m
6380,m
6381,m
6382,f
6383,m
6384,f
6385,f
6386,m
6387,m
6388,f
6389,m
6390,f
6391,f
6392,f
6393,m
6394,m
6395,m
6396,f
6397,m
6398,m
6399,m
6400,m
6401,m
6402,f
6403,f
6404,f
6405,m
6406,m
6407,m
6408,m
6409,m
6410,m
6411,f
6412,m
6413,m
6414,m
6415,m
6416,m
6417,f
6418,m
6419,m
6420,f
6421,f
6422,m
6423,m
6424,f
6425,m
6426,m
6427,f
6428,m
6429,f
6430,m
6431,m
6432,m
6433,f
6434,f
6435,m
6436,m
6437,m
6438,f
6439,m
6440,m
6441,m
6442,m
6443,f
6444,m
6445,f
6446,f
6447,m
6448,m
6449,m
6450,m
6451,f
6452,m
6453,m
6454,m
6455,m
6456,m
6457,m
6458,m
6459,f
6460,f
6461,m
6462,m
6463,m
6464,m
6465,f
6466,f
6467,m
6468,f
6469,m
6470,m
6471,m
6472,f
6473,m
6474,f
6475,m
6476,m
6477,f
6478,m
6479,f
6480,f
6481,f
6482,f
6483,m
6484,m
6485,m
6486,f
6487,f
6488,m
6489,m
6490,m
6491,m
6492,m
6493,f
6494,m
6495,m
6496,m
6497,m
6498,f
6499,f
6500,m
6501,f
6502,m
6503,m
6504,m
6505,m
6506,m
6507,m
6508,f
6509,m
6510,f
6511,m
6512,f
6513,m
6514,m
6515,m
6516,m
6517,m
6518,m
6519,m
6520,m
6521,m
6522,m
6523,m
6524,m
6525,f
6526,m
6527,f
6528,m
6529,m
6530,m
6531,f
6532,m
6533,f
6534,m
6535,m
6536,f
6537,f
6538,m
6539,m
6540,m
6541,m
6542,f
6543,m
6544,f
6545,f
6546,m
6547,f
6548,m
6549,m
6550,m
6551,m
6552,m
6553,f
6554,m
6555,m
6556,f
6557,m
6558,m
6559,m
6560,m
6561,m
6562,m
6563,m
6564,f
6565,m
6566,m
6567,m
6568,m
6569,m
6570,m
6571,m
6572,m
6573,m
6574,f
6575,f
6576,m
6577,f
6578,m
6579,m
6580,m
6581,m
6582,m
6583,m
6584,m
6585,m
6586,m
6587,m
6588,m
6589,m
6590,f
6591,m
6592,m
6593,f
6594,f
6595,f
6596,m
6597,f
6598,m
6599,m
6600,m
6601,m
6602,m
6603,m
6604,m
6605,m
6606,m
6607,m
6608,m
6609,m
6610,m
6611,m
6612,f
6613,m
6614,m
6615,m
6616,m
6617,m
6618,m
6619,f
6620,m
6621,f
6622,m
6623,m
6624,m
6625,m
6626,m
6627,f
6628,f
6629,m
6630,f
6631,m
6632,m
6633,m
6634,m
6635,m
6636,m
6637,f
6638,f
6639,f
6640,f
6641,m
6642,m
6643,m
6644,f
6645,m
6646,f
6647,m
6648,m
6649,m
6650,f
6651,f
6652,m
6653,m
6654,m
6655,m
6656,m
6657,m
6658,m
6659,m
6660,f
6661,m
6662,m
6663,f
6664,f
6665,m
6666,m
6667,m
6668,m
6669,m
6670,m
6671,f
6672,m
6673,f
6674,m
6675,m
6676,m
6677,m
6678,f
6679,f
6680,m
6681,m
6682,m
6683,f
6684,m
6685,f
6686,m
6687,m
6688,m
6689,m
6690,m
6691,f
6692,m
6693,m
6694,m
6695,m
6696,m
6697,m
6698,m
6699,m
6700,f
6701,f
6702,m
6703,m
6704,m
6705,m
6706,m
6707,f
6708,m
6709,m
6710,m
6711,m
6712,f
6713,m
6714,m
6715,m
6716,m
6717,f
6718,m
6719,m
6720,m
6721,m
6722,m
6723,f
6724,m
6725,f
6726,f
6727,f
6728,f
6729,m
6730,m
6731,m
6732,m
6733,f
6734,m
6735,m
6736,f
6737,m
6738,m
6739,m
6740,f
6741,m
6742,f
6743,m
6744,m
6745,m
6746,f
6747,m
6748,m
6749,m
6750,m
6751,m
6752,f
6753,m
6754,f
6755,f
6756,m
6757,m
6758,m
6759,m
6760,m
6761,f
6762,m
6763,f
6764,m
6765,m
6766,f
6767,m
6768,m
6769,m
6770,m
6771,f
6772,m
6773,f
6774,m
6775,f
6776,m
6777,m
6778,m
6779,m
6780,m
6781,m
6782,m
6783,f
6784,m
6785,m
6786,f
6787,m
6788,f
6789,f
6790,m
6791,f
6792,m
6793,m
6794,m
6795,m
6796,m
6797,m
6798,m
6799,m
6800,f
6801,m
6802,f
6803,m
6804,m
6805,f
6806,m
6807,m
6808,m
6809,m
6810,f
6811,f
6812,m
6813,m
6814,f
6815,m
6816,m
6817,m
6818,m
6819,f
6820,m
6821,f
6822,m
6823,m
6824,m
6825,m
6826,m
6827,f
6828,m
6829,m
6830,m
6831,m
6832,m
6833,f
6834,f
6835,m
6836,m
6837,m
6838,f
6839,m
6840,f
6841,m
6842,f
6843,m
6844,m
6845,m
6846,m
6847,m
6848,m
6849,m
6850,f
6851,m
6852,m
6853,m
6854,m
6855,m
6856,m
6857,f
6858,m
6859,m
6860,m
6861,m
6862,m
6863,m
6864,m
6865,m
6866,m
6867,m
6868,f
6869,m
6870,m
6871,m
6872,m
6873,f
6874,m
6875,m
6876,m
6877,m
6878,m
6879,m
6880,m
6881,f
6882,m
6883,m
6884,m
6885,f
6886,f
6887,m
6888,f
6889,m
6890,m
6891,m
6892,m
6893,m
6894,m
6895,m
6896,f
6897,m
6898,m
6899,f
6900,m
6901,m
6902,f
6903,m
6904,f
6905,m
6906,m
6907,f
6908,m
6909,f
6910,m
6911,m
6912,m
6913,m
6914,f
6915,m
6916,m
6917,f
6918,m
6919,m
6920,m
6921,m
6922,m
6923,m
6924,f
6925,m
6926,m
6927,f
6928,m
6929,m
6930,m
6931,undef
6932,m
6933,m
6934,m
6935,f
6936,m
6937,m
6938,m
6939,m
6940,m
6941,f
6942,m
6943,m
6944,m
6945,m
6946,m
6947,f
6948,m
6949,m
6950,m
6951,m
6952,m
6953,m
6954,m
6955,f
6956,m
6957,m
6958,m
6959,m
6960,m
6961,m
6962,m
6963,m
6964,m
6965,m
6966,m
6967,f
6968,f
6969,m
6970,m
6971,m
6972,m
6973,f
6974,m
6975,m
6976,f
6977,m
6978,f
6979,f
6980,f
6981,m
6982,m
6983,m
6984,m
6985,f
6986,m
6987,f
6988,m
6989,m
6990,m
6991,m
6992,m
6993,m
6994,f
6995,f
6996,f
6997,m
6998,f
6999,m
7000,m
7001,m
7002,f
7003,m
7004,m
7005,f
7006,f
7007,m
7008,m
7009,m
7010,m
7011,m
7012,m
7013,m
7014,m
7015,m
7016,m
7017,m
7018,m
7019,f
7020,m
7021,m
7022,m
7023,undef
7024,m
7025,m
7026,f
7027,m
7028,m
7029,m
7030,m
7031,m
7032,f
7033,m
7034,m
7035,m
7036,m
7037,m
7038,m
7039,m
7040,f
7041,m
7042,m
7043,f
7044,m
7045,m
7046,m
7047,f
7048,m
7049,m
7050,f
7051,m
7052,m
7053,m
7054,f
7055,m
7056,m
7057,f
7058,m
7059,m
7060,m
7061,f
7062,m
7063,f
7064,f
7065,f
7066,m
7067,m
7068,m
7069,f
7070,m
7071,m
7072,m
7073,m
7074,f
7075,m
7076,m
7077,m
7078,f
7079,m
7080,m
7081,f
7082,f
7083,m
7084,f
7085,m
7086,f
7087,f
7088,f
7089,m
7090,m
7091,m
7092,m
7093,m
7094,m
7095,m
7096,f
7097,f
7098,m
7099,f
7100,f
7101,m
7102,m
7103,m
7104,f
7105,m
7106,m
7107,f
7108,m
7109,m
7110,m
7111,m
7112,m
7113,m
7114,m
7115,f
7116,m
7117,m
7118,m
7119,m
7120,f
7121,m
7122,f
7123,m
7124,f
7125,f
7126,m
7127,f
7128,m
7129,f
7130,m
7131,m
7132,m
7133,m
7134,m
7135,m
7136,m
7137,m
7138,m
7139,m
7140,m
7141,m
7142,m
7143,f
7144,f
7145,f
7146,f
7147,m
7148,m
7149,f
7150,m
7151,m
7152,m
7153,m
7154,m
7155,m
7156,m
7157,f
7158,m
7159,m
7160,f
7161,m
7162,f
7163,m
7164,m
7165,f
7166,m
7167,m
7168,m
7169,f
7170,f
7171,m
7172,m
7173,m
7174,f
7175,m
7176,m
7177,m
7178,m
7179,m
7180,m
7181,m
7182,m
7183,m
7184,m
7185,m
7186,m
7187,m
7188,m
7189,m
7190,m
7191,m
7192,f
7193,m
7194,m
7195,m
7196,m
7197,m
7198,m
7199,f
7200,m
7201,m
7202,f
7203,m
7204,m
7205,m
7206,m
7207,f
7208,f
7209,f
7210,m
7211,m
7212,m
7213,m
7214,f
7215,m
7216,m
7217,m
7218,m
7219,f
7220,f
7221,m
7222,m
7223,f
7224,m
7225,m
7226,m
7227,f
7228,m
7229,m
7230,m
7231,m
7232,m
7233,m
7234,m
7235,m
7236,m
7237,f
7238,f
7239,m
7240,f
7241,m
7242,m
7243,m
7244,m
7245,m
7246,f
7247,m
7248,m
7249,m
7250,f
7251,m
7252,m
7253,f
7254,m
7255,m
7256,m
7257,f
7258,f
7259,m
7260,m
7261,f
7262,m
7263,m
7264,f
7265,m
7266,f
7267,m
7268,m
7269,f
7270,m
7271,m
7272,m
7273,m
7274,f
7275,f
7276,m
7277,m
7278,m
7279,m
7280,f
7281,f
7282,f
7283,m
7284,f
7285,m
7286,m
7287,m
7288,m
7289,m
7290,m
7291,m
7292,m
7293,f
7294,m
7295,m
7296,m
7297,f
7298,f
7299,m
7300,m
7301,m
7302,f
7303,m
7304,m
7305,m
7306,f
7307,m
7308,f
7309,m
7310,m
7311,m
7312,f
7313,m
7314,f
7315,m
7316,m
7317,f
7318,m
7319,f
7320,m
7321,m
7322,m
7323,m
7324,m
7325,f
7326,f
7327,m
7328,m
7329,m
7330,f
7331,m
7332,m
7333,m
7334,m
7335,m
7336,m
7337,m
7338,m
7339,m
7340,f
7341,f
7342,m
7343,m
7344,m
7345,m
7346,f
7347,m
7348,m
7349,m
7350,m
7351,m
7352,f
7353,m
7354,m
7355,f
7356,f
7357,m
7358,m
7359,m
7360,m
7361,m
7362,m
7363,m
7364,f
7365,f
7366,m
7367,m
7368,f
7369,m
7370,m
7371,m
7372,m
7373,undef
7374,m
7375,m
7376,m
7377,f
7378,m
7379,m
7380,m
7381,f
7382,m
7383,f
7384,m
7385,m
7386,m
7387,m
7388,m
7389,m
7390,m
7391,m
7392,f
7393,m
7394,m
7395,m
7396,m
7397,m
7398,m
7399,f
7400,m
7401,f
7402,m
7403,m
7404,f
7405,m
7406,m
7407,m
7408,m
7409,f
7410,m
7411,m
7412,m
7413,m
7414,f
7415,m
7416,m
7417,m
7418,f
7419,f
7420,m
7421,m
7422,f
7423,f
7424,f
7425,undef
7426,m
7427,f
7428,f
7429,m
7430,m
7431,m
7432,f
7433,f
7434,f
7435,m
7436,m
7437,m
7438,m
7439,m
7440,m
7441,m
7442,m
7443,m
7444,m
7445,f
7446,m
7447,m
7448,m
7449,m
7450,m
7451,m
7452,f
7453,m
7454,m
7455,m
7456,m
7457,m
7458,m
7459,m
7460,f
7461,f
7462,m
7463,m
7464,f
7465,m
7466,m
7467,m
7468,m
7469,m
7470,m
7471,m
7472,m
7473,m
7474,f
7475,f
7476,m
7477,m
7478,m
7479,m
7480,m
7481,f
7482,m
7483,f
7484,m
7485,f
7486,m
7487,m
7488,m
7489,m
7490,m
7491,f
7492,m
7493,m
7494,m
7495,m
7496,m
7497,m
7498,m
7499,f
7500,m
7501,undef
7502,m
7503,m
7504,m
7505,f
7506,m
7507,m
7508,f
7509,f
7510,m
7511,f
7512,f
7513,m
7514,f
7515,f
7516,m
7517,m
7518,m
7519,m
7520,m
7521,f
7522,m
7523,m
7524,m
7525,m
7526,m
7527,m
7528,m
7529,m
7530,m
7531,m
7532,m
7533,m
7534,f
7535,m
7536,m
7537,m
7538,m
7539,m
7540,m
7541,m
7542,m
7543,m
7544,m
7545,m
7546,f
7547,f
7548,m
7549,m
7550,m
7551,m
7552,m
7553,m
7554,m
7555,m
7556,m
7557,m
7558,f
7559,m
7560,f
7561,f
7562,m
7563,m
7564,m
7565,f
7566,m
7567,m
7568,m
7569,m
7570,m
7571,m
7572,f
7573,m
7574,f
7575,m
7576,f
7577,m
7578,m
7579,f
7580,m
7581,m
7582,m
7583,m
7584,f
7585,f
7586,f
7587,m
7588,m
7589,m
7590,m
7591,m
7592,m
7593,f
7594,m
7595,m
7596,f
7597,f
7598,m
7599,m
7600,m
7601,m
7602,m
7603,m
7604,f
7605,m
7606,m
7607,m
7608,m
7609,f
7610,m
7611,m
7612,m
7613,f
7614,m
7615,m
7616,f
7617,m
7618,m
7619,f
7620,m
7621,f
7622,m
7623,f
7624,m
7625,m
7626,f
7627,f
7628,m
7629,m
7630,f
7631,f
7632,f
7633,m
7634,f
7635,m
7636,m
7637,m
7638,f
7639,m
7640,f
7641,m
7642,m
1800247298,movie
1802820491,movie
1800250021,movie
1800249828,movie
1800249488,movie
1800250043,movie
1800250557,movie
1800248072,movie
1800251063,movie
1800249529,movie
1800373145,movie
1800252242,movie
1800020455,movie
1800252071,movie
1800247315,movie
1807858770,movie
1800252204,movie
1800252065,movie
1800245686,movie
1800248377,movie
1800249953,movie
1800245177,movie
1800245379,movie
1800247873,movie
1800249977,movie
1807839301,movie
1800246889,movie
1800256650,movie
1800025345,movie
1800024450,movie
1800242776,movie
1800252514,movie
1800026894,movie
1800020413,movie
1800249202,movie
1800252048,movie
1800020050,movie
1804738128,movie
1800240281,movie
1800252057,movie
1804849919,movie
1800247627,movie
1800253365,movie
1800372697,movie
1800128040,movie
1800248052,movie
1800245829,movie
1800246769,movie
1800246460,movie
1800243088,movie
1800379346,movie
1800249503,movie
1800294975,movie
1800242421,movie
1800252067,movie
1800257135,movie
1804895485,movie
1800245697,movie
1800025623,movie
1800252230,movie
1800252092,movie
1800256716,movie
1800250038,movie
1800250001,movie
1800250467,movie
1800252053,movie
1800021911,movie
1800235955,movie
1800253370,movie
1800245294,movie
1808604663,movie
1800250008,movie
1800251524,movie
1800254720,movie
1800254272,movie
1800292625,movie
1800249494,movie
1800252497,movie
1800263444,movie
1800253360,movie
1800256972,movie
1800255671,movie
1800282176,movie
1800252423,movie
1800253349,movie
1800251495,movie
1800253724,movie
1800249089,movie
1800249667,movie
1800256928,movie
1800246292,movie
1800256750,movie
1800253043,movie
1800260773,movie
1808565678,movie
1800320004,movie
1800254224,movie
1800254546,movie
1800257799,movie
1800253345,movie
1800253818,movie
1800253182,movie
1800247909,movie
1800255263,movie
1800331431,movie
1807872867,movie
1800244920,movie
1800125435,movie
1800252796,movie
1800254890,movie
1800276066,movie
1800260637,movie
1800260232,movie
1800257789,movie
1800246104,movie
1800258464,movie
1800266746,movie
1802838252,movie
1800261908,movie
1800256758,movie
1800264787,movie
1800263437,movie
1800375017,movie
1800260166,movie
1800260823,movie
1808457757,movie
1800248973,movie
1800243915,movie
1802835128,movie
1808554149,movie
1800254203,movie
1800268129,movie
1800259103,movie
1800261053,movie
1800314237,movie
1800254894,movie
1800255845,movie
1802953388,movie
1800245461,movie
1800238578,movie
1800242286,movie
1800234414,movie
1800241304,movie
1800240077,movie
1800020307,movie
1802826719,movie
1800250488,movie
1800238182,movie
1800239627,movie
1800244355,movie
1800249510,movie
1800241413,movie
1800020871,movie
1800245323,movie
1800239356,movie
1800238340,movie
1800245783,movie
1800243949,movie
1800246265,movie
1800242003,movie
1800247887,movie
1800247640,movie
1800240294,movie
1800238858,movie
1800242917,movie
1800243873,movie
1800238822,movie
1800238351,movie
1800237709,movie
1800243797,movie
1800244365,movie
1800241401,movie
1808524891,movie
1808445199,movie
1800245898,movie
1800240440,movie
1800245194,movie
1800244943,movie
1800244151,movie
1800243172,movie
1800243791,movie
1800245593,movie
1800244785,movie
1800302883,movie
1800242500,movie
1800311593,movie
1800248983,movie
1800024516,movie
1800239656,movie
1800242839,movie
1800239389,movie
1800245361,movie
1800247074,movie
1800130822,movie
1800244806,movie
1800247294,movie
1808412906,movie
1800244882,movie
1800243093,movie
1800245769,movie
1800242795,movie
1800245442,movie
1800243052,movie
1800248116,movie
1800249972,movie
1800221493,movie
1800244571,movie
1800241483,movie
1800232991,movie
1802836704,movie
1800231636,movie
1802837460,movie
1800230921,movie
1800237582,movie
1800241365,movie
1800240378,movie
1800325387,movie
1800226270,movie
1800234527,movie
1800228118,movie
1800330622,movie
1800227905,movie
1800234917,movie
1800229850,movie
1800238557,movie
1800228066,movie
1800228436,movie
1800235947,movie
1800220310,movie
1800222974,movie
1800236989,movie
1800238549,movie
1800229903,movie
1800232958,movie
1800233541,movie
1800021803,movie
1800021670,movie
1800240145,movie
1800240352,movie
1800238448,movie
1800225372,movie
1800226254,movie
1800229750,movie
1800230865,movie
1800232247,movie
1807858198,movie
1800229628,movie
1800227659,movie
1800233324,movie
1804340321,movie
1808500743,movie
1800230930,movie
1800242431,movie
1800234519,movie
1800121659,movie
1802829259,movie
1800019910,movie
1800235679,movie
1800230306,movie
1800204511,movie
1800227783,movie
1800234160,movie
1800233539,movie
1800218661,movie
1800223023,movie
1800233383,movie
1800235440,movie
1800225427,movie
1800232239,movie
1800229308,movie
1800219588,movie
1800238126,movie
1800229709,movie
1800238019,movie
1800228089,movie
1800231314,movie
1800229631,movie
1800235481,movie
1800237308,movie
1800236964,movie
1800235215,movie
1800238648,movie
1800216539,movie
1800221499,movie
1800235461,movie
1800243036,movie
1800230976,movie
1800227679,movie
1800236797,movie
1800235881,movie
1800233344,movie
1800235796,movie
1800372793,movie
1800084229,movie
1800222990,movie
1800235939,movie
1800228145,movie
1802817315,movie
1800233322,movie
1800228030,movie
1808457771,movie
1804519994,movie
1808457771,movie
1800239502,movie
1800239317,movie
1800235582,movie
1800237318,movie
1800230710,movie
1800239994,movie
1802833974,movie
1800261144,movie
1800235258,movie
1800223031,movie
1800229641,movie
1800230633,movie
1800238069,movie
1800237612,movie
1800231255,movie
1800237139,movie
1800243201,movie
1800232929,movie
1800230645,movie
1800231334,movie
1800024802,movie
1800235861,movie
1800231677,movie
1800236437,movie
1800235870,movie
1800231499,movie
1800238682,movie
1800228966,movie
1800026767,movie
1800243568,movie
1800235872,movie
1800225664,movie
1800244080,movie
1800244741,movie
1800025170,movie
1800201304,movie
1800222810,movie
1800208730,movie
1808428955,movie
1800221033,movie
1800217234,movie
1800212909,movie
1800218278,movie
1800209568,movie
1800025366,movie
1800228585,movie
1800269011,movie
1800217371,movie
1800206599,movie
1800231487,movie
1800223292,movie
1800213194,movie
1800217318,movie
1808411262,movie
1800221066,movie
1800216534,movie
1800212008,movie
1800222436,movie
1800215641,movie
1800212880,movie
1800225374,movie
1800208166,movie
1800209307,movie
1800202506,movie
1800194542,movie
1800225384,movie
1800228133,movie
1800220730,movie
1800212379,movie
1800225411,movie
1800219620,movie
1800214928,movie
1800212014,movie
1800215888,movie
1800370351,movie
1808488793,movie
1800235629,movie
1800225792,movie
1800139696,movie
1800184992,movie
1800228207,movie
1800138669,movie
1800219674,movie
1800235594,movie
1800228525,movie
1800238839,movie
1800335160,movie
1800238156,movie
1800371618,movie
1800325859,movie
1800237314,movie
1800263457,movie
1800239168,movie
1800258346,movie
1808609393,movie
1800226300,movie
1800232259,movie
1800231316,movie
1800205592,movie
1800208766,movie
1800198344,movie
1807816356,movie
1800196315,movie
1800020107,movie
1800201725,movie
1800196904,movie
1808502028,movie
1802824164,movie
1800207026,movie
1800197104,movie
1800211875,movie
1808447173,movie
1800202278,movie
1802838112,movie
1800205053,movie
1800222820,movie
1800201943,movie
1800194111,movie
1800195932,movie
1800202667,movie
1800194536,movie
1800196701,movie
1800211859,movie
1800209240,movie
1800190269,movie
1800193151,movie
1800218357,movie
1800211470,movie
1800210889,movie
1804578191,movie
1800190621,movie
1800194750,movie
1800195627,movie
1808491551,movie
1800211319,movie
1800195719,movie
1800206887,movie
1800210644,movie
1800064496,movie
1800214912,movie
1800209781,movie
1800196662,movie
1800213002,movie
1802825744,movie
1800191019,movie
1800190862,movie
1800218329,movie
1808413033,movie
1800201636,movie
1800201477,movie
1800212861,movie
1800238695,movie
1800218792,movie
1800190752,movie
1800193419,movie
1800202438,movie
1800192737,movie
1800249100,movie
1800239676,movie
1800205155,movie
1800201930,movie
1800209275,movie
1800205262,movie
1800218321,movie
1800194255,movie
1800201846,movie
1800209898,movie
1800195756,movie
1800209234,movie
1800195691,movie
1800202853,movie
1800193430,movie
1800216552,movie
1800216905,movie
1800213866,movie
1800193490,movie
1800190776,movie
1800203499,movie
1800196117,movie
1800189499,movie
1800196571,movie
1803242172,movie
1800195539,movie
1800192888,movie
1800254684,movie
1800164353,movie
1800245547,movie
1808436193,movie
1800197291,movie
1800195924,movie
1800197968,movie
1800202080,movie
1800218172,movie
1800220945,movie
1802958109,movie
1800215431,movie
1800197997,movie
1800197824,movie
1800201616,movie
1800198688,movie
1800194018,movie
1800194298,movie
1800222924,movie
1800224844,movie
1800204253,movie
1800024204,movie
1800215464,movie
1800192012,movie
1800226359,movie
1800196284,movie
1800193033,movie
1800201914,movie
1803470400,movie
1800195776,movie
1800198675,movie
1800197045,movie
1800216156,movie
1800205324,movie
1800218164,movie
1800202260,movie
1800220947,movie
1800193901,movie
1800205995,movie
1800269089,movie
1800202232,movie
1800199352,movie
1800221025,movie
1804462497,movie
1800200871,movie
1800191133,movie
1800189256,movie
1800037822,movie
1800194102,movie
1800195642,movie
1800195171,movie
1800203445,movie
1800190780,movie
1800207689,movie
1800223006,movie
1800219906,movie
1800206651,movie
1800182038,movie
1804462553,movie
1800201702,movie
1800215924,movie
1800192965,movie
1800199959,movie
1800243041,movie
1800224014,movie
1800220175,movie
1800217739,movie
1800419617,movie
1800262435,movie
1800212957,movie
1800204315,movie
1800210677,movie
1800217347,movie
1800219788,movie
1800243215,movie
1800211562,movie
1808677457,movie
1800213190,movie
1800214439,movie
1800215466,movie
1800215607,movie
1800218762,movie
1800218155,movie
1800218150,movie
1800222932,movie
1800273045,movie
1800219667,movie
1800262164,movie
1800266776,movie
1800222298,movie
1808406175,movie
1800231178,movie
1800155161,movie
1800147492,movie
1800362901,movie
1800161524,movie
1800155580,movie
1800218800,movie
1800340927,movie
1800367822,movie
1804094938,movie
1804019197,movie
1800106376,movie
1800139980,movie
1800244536,movie
1800231321,movie
1800221731,movie
1800250348,movie
1800240243,movie
1800232135,movie
1804462883,movie
1808421234,movie
1800231853,movie
1800232965,movie
1800256439,movie
1800252197,movie
1800251007,movie
1800258846,movie
1800258897,movie
1800332436,movie
1800260654,movie
1800247026,movie
1800245006,movie
1800261510,movie
1800254915,movie
1800254199,movie
1800292062,movie
1800023131,movie
1800319983,movie
1800270212,movie
1800256357,movie
1800259142,movie
1800257547,movie
1800259650,movie
1808399308,movie
1800020142,movie
1800374128,movie
1800259286,movie
1800252199,movie
1800261943,movie
1800400355,movie
1800256104,movie
1800253758,movie
1800255906,movie
1800254768,movie
1800300771,movie
1800264844,movie
1800256345,movie
1800269805,movie
1800374572,movie
1800277573,movie
1800259390,movie
1800261902,movie
1800248403,movie
1804149011,movie
1800263296,movie
1808415733,movie
1800258169,movie
1800258471,movie
1800256099,movie
1800255254,movie
1800385757,movie
1808548204,movie
1800255210,movie
1800192053,movie
1800192069,movie
1800192086,movie
1800257290,movie
1800316769,movie
1800024725,movie
1800031863,movie
1800245870,movie
1800247926,movie
1800302028,movie
1800245516,movie
1800340716,movie
1808412062,movie
1800266928,movie
1800250369,movie
1800245574,movie
1800253797,movie
1808404486,movie
1800244771,movie
1800241087,movie
1800245913,movie
1800245377,movie
1800260136,movie
1802817892,movie
1800254747,movie
1800324868,movie
1800375686,movie
1800263638,movie
1800245758,movie
1800240713,movie
1800245369,movie
1800246048,movie
1800246006,movie
1802829648,movie
1808466105,movie
1800286718,movie
1800260525,movie
1800254958,movie
1800256362,movie
1800252195,movie
1800256744,movie
1800229453,movie
1803242276,movie
1800260690,movie
1800261904,movie
1800264695,movie
1800263289,movie
1800231316,movie
1800265236,movie
1800259411,movie
1800294862,movie
1800260568,movie
1800278242,movie
1800259259,movie
1800258938,movie
1808410569,movie
1808456270,movie
1800404197,movie
1800337060,movie
1800258136,movie
1800258955,movie
1800259537,movie
1800026053,movie
1800254299,movie
1800020903,movie
1800258211,movie
1800255867,movie
1800381744,movie
1808565595,movie
1800267066,movie
1800258858,movie
1800298332,movie
1800260399,movie
1808473330,movie
1800261234,movie
1802830008,movie
1800373495,movie
1800059423,movie
1800248949,movie
1800248965,movie
1800247638,movie
1800022076,movie
1800085413,movie
1800275327,movie
1800082678,movie
1800262502,movie
1800263541,movie
1802834205,movie
1800260807,movie
1800268144,movie
1800263264,movie
1800256656,movie
1800264926,movie
1800375484,movie
1800208482,movie
1800208606,movie
1800208613,movie
1800208474,movie
1800373464,movie
1800249938,movie
1800249880,movie
1800026459,movie
1800291406,movie
1800022581,movie
1800259854,movie
1800263585,movie
1808447166,movie
1800260787,movie
1808487428,movie
1800259036,movie
1800102142,movie
1800020553,movie
1800252373,movie
1800266841,movie
1800079169,movie
1800252585,movie
1800254711,movie
1800267191,movie
1808626884,movie
1800252427,movie
1800267628,movie
1800261521,movie
1800266491,movie
1800022212,movie
1800261897,movie
1800264757,movie
1800262186,movie
1800261957,movie
1800020187,movie
1808516030,movie
1802819857,movie
1800261972,movie
1800259247,movie
1800263094,movie
1800022907,movie
1800250559,movie
1800268978,movie
1800261057,movie
1800263645,movie
1800253488,movie
1800193901,movie
1800252825,movie
1800253632,movie
1800253610,movie
1800267031,movie
1807615559,movie
1807634861,movie
1800261916,movie
1800264832,movie
1800267716,movie
1800267501,movie
1800265585,movie
1800259908,movie
1800264988,movie
1800262174,movie
1800094277,movie
1800265209,movie
1800260882,movie
1800022386,movie
1800063186,movie
1800262717,movie
1800256466,movie
1800253655,movie
1800254792,movie
1804466408,movie
1800262743,movie
1800266112,movie
1800263060,movie
1800280388,movie
1800020493,movie
1800261928,movie
1800252157,movie
1800254805,movie
1800266795,movie
1800279611,movie
1800255221,movie
1800071079,movie
1800419885,movie
1800263094,movie
1800024964,movie
1800263395,movie
1800267182,movie
1800264673,movie
1800267815,movie
1800020734,movie
1800261950,movie
1800230257,movie
1800263462,movie
1800279802,movie
1800260726,movie
1800267318,movie
1800255020,movie
1800262344,movie
1800209323,movie
1808456270,movie
1800263579,movie
1800042907,movie
1800026046,movie
1800385422,movie
1800263237,movie
1800263473,movie
1807591415,movie
1800265738,movie
1800263884,movie
1800264356,movie
1800024999,movie
1800240762,movie
1800342413,movie
1800306566,movie
1800254903,movie
1800026533,movie
1800266597,movie
1800088401,movie
1800256947,movie
1800256953,movie
1800234181,movie
1800106078,movie
1800117946,movie
1800340810,movie
1800068665,movie
1800040961,movie
1800131906,movie
1800110377,movie
1800082011,movie
1800069385,movie
1800069478,movie
1800101755,movie
1800028267,movie
1800024701,movie
1800046032,movie
1800020867,movie
1800092481,movie
1800098312,movie
1800113629,movie
1800112816,movie
1800089374,movie
1800094637,movie
1800019695,movie
1800022089,movie
1800098362,movie
1800123803,movie
1800020981,movie
1800340322,movie
1800188265,movie
1800340653,movie
1800136520,movie
1800110398,movie
1800067012,movie
1800101896,movie
1800120201,movie
1800340533,movie
1800128030,movie
1800064356,movie
1800031708,movie
1800101416,movie
1800090943,movie
1800070251,movie
1800162190,movie
1800340506,movie
1800317291,movie
1800087417,movie
1800069894,movie
1800090639,movie
1800128589,movie
1800128022,movie
1800098523,movie
1800070133,movie
1800060604,movie
1800126692,movie
1800076849,movie
1804126129,movie
1800082075,movie
1800097492,movie
1800041499,movie
1800105512,movie
1800114797,movie
1800086430,movie
1800102345,movie
1802827770,movie
1800089184,movie
1800126605,movie
1800081106,movie
1800340874,movie
1800340348,movie
1800133213,movie
1800104173,movie
1800100636,movie
1800340539,movie
1808442834,movie
1800045243,movie
1800087276,movie
1800094632,movie
1800340618,movie
1800119298,movie
1800064059,movie
1800158932,movie
1804861074,movie
1800281559,movie
1800194255,movie
1800268878,movie
1800128030,movie
1800419489,movie
1800262729,movie
1802752985,movie
1800021804,movie
1800291500,movie
1800022115,movie
1800272799,movie
1800264941,movie
1800266255,movie
1800265123,movie
1802822679,movie
1800020619,movie
1800264924,movie
1800244609,movie
1800280702,movie
1800266602,movie
1800263787,movie
1800267564,movie
1800021458,movie
1800266506,movie
1800265715,movie
1800264036,movie
1800265342,movie
1800028388,movie
1800187928,movie
1800062272,movie
1800090886,movie
1800076010,movie
1800102594,movie
1800104804,movie
1800107066,movie
1800187398,movie
1800116393,movie
1800124733,movie
1800126291,movie
1802823021,movie
1800238976,movie
1800202364,movie
1800047766,movie
1800242945,movie
1800127070,movie
1800124781,movie
1800366070,movie
1800138242,movie
1800093913,movie
1800060243,movie
1800105766,movie
1800033580,movie
1800341479,movie
1800193940,movie
1800067829,movie
1800119695,movie
1800057265,movie
1800171102,movie
1800267580,movie
1800271003,movie
1800266396,movie
1808402437,movie
1800025098,movie
1800267267,movie
1800266145,movie
1800417054,movie
1800020517,movie
1800264849,movie
1802830366,movie
1800023114,movie
1800026484,movie
1800026004,movie
1800263999,movie
1800021987,movie
1800272228,movie
1800022729,movie
1804580258,movie
1800286562,movie
1800026869,movie
1800024981,movie
1800266274,movie
1800266441,movie
1800317768,movie
1800253215,movie
1804018990,movie
1800116455,movie
1800053074,movie
1800341088,movie
1800097843,movie
1800091573,movie
1800259679,movie
1800292839,movie
1800135814,movie
1808656366,movie
1800374198,movie
1802957480,movie
1800118512,movie
1800031688,movie
1800065666,movie
1800096804,movie
1800131997,movie
1800043794,movie
1800072849,movie
1800039901,movie
1800255291,movie
1800057050,movie
1800267705,movie
1800021290,movie
1800179562,movie
1800106663,movie
1800134285,movie
1800173852,movie
1800156420,movie
1800183423,movie
1800180950,movie
1800119579,movie
1800060404,movie
1800257824,movie
1800047377,movie
1800021161,movie
1800128578,movie
1800020207,movie
1800110458,movie
1800123020,movie
1800256738,movie
1800266858,movie
1800360582,movie
1800262160,movie
1800268361,movie
1800363092,movie
1800068633,movie
1804515227,movie
1800279136,movie
1800272514,movie
1800267933,movie
1800268547,movie
1800282303,movie
1800019941,movie
1800102855,movie
1800111275,movie
1800161549,movie
1800340431,movie
1808645895,movie
1800062205,movie
1800078893,movie
1800270746,movie
1800270746,movie
1800260273,movie
1800259065,movie
1800108162,movie
1800096752,movie
1800296644,movie
1800287766,movie
1800282329,movie
1804365319,movie
1800296037,movie
1800289973,movie
1800026798,movie
1800240747,movie
1800410210,movie
1808435464,movie
1800178936,movie
1800241904,movie
1800124856,movie
1802837984,movie
1800323780,movie
1800260450,movie
1800258485,movie
1800258483,movie
1800258481,movie
1800127940,movie
1800113383,movie
1800266845,movie
1800374843,movie
1800319616,movie
1800390186,movie
1800267496,movie
1800266439,movie
1800341698,movie
1800238404,movie
1800180455,movie
1800139746,movie
1802819572,movie
1800242815,movie
1800177633,movie
1800172070,movie
1800180300,movie
1800139261,movie
1800025557,movie
1800170040,movie
1800256169,movie
1800244844,movie
1800025462,movie
1800177960,movie
1800098409,movie
1800116225,movie
1800183487,movie
1800194096,movie
1800126684,movie
1800141508,movie
1800157887,movie
1800170699,movie
1800103151,movie
1800131316,movie
1800092207,movie
1800061638,movie
1800108021,movie
1800024141,movie
1800020752,movie
1800340649,movie
1800071790,movie
1800136245,movie
1800340284,movie
1800087601,movie
1800366478,movie
1800048705,movie
1800128062,movie
1800028321,movie
1800103041,movie
1800111258,movie
1800135957,movie
1800126771,movie
1802821120,movie
1800020133,movie
1800183637,movie
1800469343,movie
1800354625,movie
1800341570,movie
1800108522,movie
1800340965,movie
1802814933,movie
1800068492,movie
1800240739,movie
1800141045,movie
1800362940,movie
1800109249,movie
1800103039,movie
1800109559,movie
1800027973,movie
1800111838,movie
1800187660,movie
1800351670,movie
1800122300,movie
1800074753,movie
1808506526,movie
1808419773,movie
1800089951,movie
1800026145,movie
1800021069,movie
1800070872,movie
1800155901,movie
1800093038,movie
1800148679,movie
1800054624,movie
1800072148,movie
1800026433,movie
1800155082,movie
1800041299,movie
1802823058,movie
1800020966,movie
1800054358,movie
1800129564,movie
1800031298,movie
1800060100,movie
1800035258,movie
1800116994,movie
1800120902,movie
1800341253,movie
1800062697,movie
1800072614,movie
1800055909,movie
1800057873,movie
1800184255,movie
1800182364,movie
1800092995,movie
1800145098,movie
1800029049,movie
1800030906,movie
1800171038,movie
1800105199,movie
1800059138,movie
1800161887,movie
1800076684,movie
1800050522,movie
1800157278,movie
1800137971,movie
1800174821,movie
1800177024,movie
1800072595,movie
1800156847,movie
1800195741,movie
1800036285,movie
1800075456,movie
1800119326,movie
1800034299,movie
1800424013,movie
1800106089,movie
1800119237,movie
1800080788,movie
1800034007,movie
1800069218,movie
1800091499,movie
1800130898,movie
1800112959,movie
1800110305,movie
1800365567,movie
1800085350,movie
1800098425,movie
1800066879,movie
1800064784,movie
1800025812,movie
1800042778,movie
1800104877,movie
1800170896,movie
1800134855,movie
1804095041,movie
1800394606,movie
1800276597,movie
1800281428,movie
1800298252,movie
1800268246,movie
1800271033,movie
1800292177,movie
1804850980,movie
1800269003,movie
1800402497,movie
1800174285,movie
1800340823,movie
1800169241,movie
1800340828,movie
1800262308,movie
1800184154,movie
1800139867,movie
1800340831,movie
1800340829,movie
1803242026,movie
1802837267,movie
1800029900,movie
1800034048,movie
1800025230,movie
1802838070,movie
1802838077,movie
1804537733,movie
1800039635,movie
1800201943,movie
1800181940,movie
1800041207,movie
1800042644,movie
1800178698,movie
1800168210,movie
1800043994,movie
1800044667,movie
1800045289,movie
1802816835,movie
1800101841,movie
1800102800,movie
1800268484,movie
1800269631,movie
1800268159,movie
1807817011,movie
1804463418,movie
1800024791,movie
1800024488,movie
1800359861,movie
1800022700,movie
1800417354,movie
1800268479,movie
1800355573,movie
1800265876,movie
1800283142,movie
1800024227,movie
1800218854,movie
1800019739,movie
1804856734,movie
1800266824,movie
1800141720,movie
1800024819,movie
1800024823,movie
1800024819,movie
1800024806,movie
1800024813,movie
1800024816,movie
1800174173,movie
1800137982,movie
1800141715,movie
1800072405,movie
1800072446,movie
1800148683,movie
1800267607,movie
1800269620,movie
1800178989,movie
1800374951,movie
1800082735,movie
1800082750,movie
1800082796,movie
1800268788,movie
1800023302,movie
1800267649,movie
1800267910,movie
1800024145,movie
1800127966,movie
1800177420,movie
1800267669,movie
1807792659,movie
1800267656,movie
1800378720,movie
1800022015,movie
1800025607,movie
1800023698,movie
1800020522,movie
1800022861,movie
1800115049,movie
1800341717,movie
1800420852,movie
1800267788,movie
1800022155,movie
1800282501,movie
1800283252,movie
1800371410,movie
1800277216,movie
1808502766,movie
1800270001,movie
1800058697,movie
1800072353,movie
1800277397,movie
1800075333,movie
1804319290,movie
1800270665,movie
1800026957,movie
1804751569,movie
1800270095,movie
1800022656,movie
1808421437,movie
1800020586,movie
1808397624,movie
1800261270,movie
1800263877,movie
1800263945,movie
1800323136,movie
1800263740,movie
1800275050,movie
1800267769,movie
1800183213,movie
1800183737,movie
1800284893,movie
1800020025,movie
1800396096,movie
1800299459,movie
1808516947,movie
1800269171,movie
1800338912,movie
1800026703,movie
1808485176,movie
1808500269,movie
1800025187,movie
1800123317,movie
1800269093,movie
1800270594,movie
1800272771,movie
1800026429,movie
1800268978,movie
1800272204,movie
1800268955,movie
1800276934,movie
1800023131,movie
1800024262,movie
1800021339,movie
1800275003,movie
1800277993,movie
1800283854,movie
1800383811,movie
1800284430,movie
1802957910,movie
1800278007,movie
1800276699,movie
1800158587,movie
1800023179,movie
1800279502,movie
1800270756,movie
1808445987,movie
1807880718,movie
1800280617,movie
1800022996,movie
1807600134,movie
1800024398,movie
1800275609,movie
1800020880,movie
1800280545,movie
1800020928,movie
1800023164,movie
1800026088,movie
1800026526,movie
1808499459,movie
1800283275,movie
1800278911,movie
1800282126,movie
1800279640,movie
1800279044,movie
1800379137,movie
1800294043,movie
1800293613,movie
1800284262,movie
1800026472,movie
1800283610,movie
1800312698,movie
1800287840,movie
1800279734,movie
1800287380,movie
1804849935,movie
1800287461,movie
1807485310,movie
1800284170,movie
1800292682,movie
1800276908,movie
1800390135,movie
1800286604,movie
1800286526,movie
1800280762,movie
1800278144,movie
1800281903,movie
1800025486,movie
1800294815,movie
1800282645,movie
1800268900,movie
1800284199,movie
1800022878,movie
1800292146,movie
1800286473,movie
1808472913,movie
1800276381,movie
1800280953,movie
1800020058,movie
1807428639,movie
1800390135,movie
1800025778,movie
1800307520,movie
1800279003,movie
1800024473,movie
1800387599,movie
1800289653,movie
1800286741,movie
1800020818,movie
1800285442,movie
1800399411,movie
1800025984,movie
1800289038,movie
1800291852,movie
1807645894,movie
1803470434,movie
1800299048,movie
1800286353,movie
1800269091,movie
1800021403,movie
1800291360,movie
1800278971,movie
1800408490,movie
1800275097,movie
1800277397,movie
1800023586,movie
1800291441,movie
1800026794,movie
1800050331,movie
1800021618,movie
1800307463,movie
1800395165,movie
1800395474,movie
1800310740,movie
1808524895,movie
1800023362,movie
1800023875,movie
1800026839,movie
1800019983,movie
1800290305,movie
1800291821,movie
1800288820,movie
1800295806,movie
1800297049,movie
1800023548,movie
1800287500,movie
1802832936,movie
1800230710,movie
1800020102,movie
1800187018,movie
1808398803,movie
1800290633,movie
1800292973,movie
1800022096,movie
1800293765,movie
1802819286,movie
1800290421,movie
1800020092,movie
1800022564,movie
1800313059,movie
1800023997,movie
1800024744,movie
1800294237,movie
1800290380,movie
1800304868,movie
1800021892,movie
1800296484,movie
1800380403,movie
1800294557,movie
1800023471,movie
1800122062,movie
1800399392,movie
1800025496,movie
1800299344,movie
1800021290,movie
1800065306,movie
1800291767,movie
1800022944,movie
1800291987,movie
1800023434,movie
1800023483,movie
1800285645,movie
1808460465,movie
1800303979,movie
1800293583,movie
1800290463,movie
1800292479,movie
1800293401,movie
1800295930,movie
1800304447,movie
1800026502,movie
1800290533,movie
1800295244,movie
1800292786,movie
1800334273,movie
1800310311,movie
1800024938,movie
1800293217,movie
1800025460,movie
1800344656,movie
1800307444,movie